{
	"__comment": "Designed by Sphax with BDcraft Cubik PRO 0.76 Beta - http://bdcraft.net",
	"ambientocclusion": false,
	"textures": {
		"particle": "block/acacia_door_top",
		"top": "block/acacia_door_top"
	},
	"elements": [ 	 
		{
			"from": [ 0.75, 0, 3 ],
			"to": [ 2.25, 1, 13 ],
			"faces": {
				"up": { "uv": [ 3, 15, 13, 15.25 ], "texture": "#top", "rotation": 270 },
				"west": { "uv": [ 3, 15, 13, 16 ], "texture": "#top" },
				"east": { "uv": [ 13, 15, 3, 16 ], "texture": "#top" }
			}
		},
		{
			"from": [ 1, 1, 9 ],
			"to": [ 2, 13, 11 ],
			"faces": {
				"north": { "uv": [ 9, 3, 9.25, 15 ], "texture": "#top" },
				"south": { "uv": [ 9, 3, 9.25, 15 ], "texture": "#top" },
				"west": { "uv": [ 9, 3, 11, 15 ], "texture": "#top" },
				"east": { "uv": [ 11, 3, 9, 15 ], "texture": "#top" }
			}
		},
		{
			"from": [ 1, 1, 5 ],
			"to": [ 2, 13, 7 ],
			"faces": {
				"north": { "uv": [ 5, 3, 5.25, 15 ], "texture": "#top" },
				"south": { "uv": [ 5, 3, 5.25, 15 ], "texture": "#top" },
				"west": { "uv": [ 5, 3, 7, 15 ], "texture": "#top" },
				"east": { "uv": [ 7, 3, 5, 15 ], "texture": "#top" }
			}
		},
		{
			"from": [ 0.5, 0, 13 ],
			"to": [ 2.5, 13, 16 ],
			"faces": {
				"north": { "uv": [ 13.5, 4.5, 15.5, 15 ], "texture": "#top" },
				"south": { "uv": [ 13.5, 4.5, 15.5, 15 ], "texture": "#top" },
				"west": { "uv": [ 13, 3, 16, 16 ], "texture": "#top" },
				"east": { "uv": [ 16, 3, 13, 16 ], "texture": "#top" }
			}
		},
		{
			"from": [ 0.5, 13, 0 ],
			"to": [ 2.5, 16, 16 ],
			"faces": {
				"down": { "uv": [ 3.5, 0.5, 12.5, 2.5 ], "texture": "#top", "rotation": 90 },
				"up": { "uv": [ 3.5, 0.5, 12.5, 2.5 ], "texture": "#top", "rotation": 90 },
				"north": { "uv": [ 0.5, 14, 2.5, 11 ], "texture": "#top" },
				"south": { "uv": [ 0.5, 14, 2.5, 11 ], "texture": "#top" },
				"west": { "uv": [ 0, 0, 16, 3 ], "texture": "#top" },
				"east": { "uv": [ 16, 0, 0, 3 ], "texture": "#top" }
			}
		},
		{
			"from": [ 0.5, 0, 0 ],
			"to": [ 2.5, 13, 3 ],
			"faces": {
				"north": { "uv": [ 0.5, 3, 2.5, 16 ], "texture": "#top" },
				"south": { "uv": [ 0.5, 3, 2.5, 16 ], "texture": "#top" },
				"west": { "uv": [ 0, 3, 3, 16 ], "texture": "#top" },
				"east": { "uv": [ 3, 3, 0, 16 ], "texture": "#top" }
			}
		},
		{
			"from": [ 0, 11, 0 ],
			"to": [ 3, 12, 3.5 ],
			"faces": {
				"down": { "uv": [ 0, 4.5, 3, 5 ], "texture": "#top" },
				"up": { "uv": [ 0, 4, 3, 4.5 ], "texture": "#top" },
				"north": { "uv": [ 0, 4, 3, 5 ], "texture": "#top" },
				"south": { "uv": [ 0, 4, 3, 5 ], "texture": "#top" },
				"west": { "uv": [ 0, 4, 3, 5 ], "texture": "#top" },
				"east": { "uv": [ 3, 4, 0, 5 ], "texture": "#top" }
			}
		},
		{
			"from": [ 0, 1, 0 ],
			"to": [ 3, 2, 3.5 ],
			"faces": {
				"down": { "uv": [ 0, 14.5, 3, 15 ], "texture": "#top" },
				"up": { "uv": [ 0, 14, 3, 14.5 ], "texture": "#top" },
				"north": { "uv": [ 0, 14, 3, 15 ], "texture": "#top" },
				"south": { "uv": [ 0, 14, 3, 15 ], "texture": "#top" },
				"west": { "uv": [ 0, 14, 3, 15 ], "texture": "#top" },
				"east": { "uv": [ 3, 14, 0, 15 ], "texture": "#top" }
			}
		}
	]
}