{
	"__comment": "Designed by Sphax with Cubik for PureBDcraft - http://bdcraft.net",
	"parent": "block/block",
	"ambientocclusion": false,
	"textures": {
		"particle": "block/glass",
		"beacon": "block/beacon",
		"beacon01": "block/_bdc/beacon_01",
		"beacon02": "block/_bdc/beacon_02",
		"beacon03": "block/_bdc/beacon_03",
		"beacon04": "block/_bdc/beacon_04",
		"comparator": "block/technology/comparator",
		"redstone": "block/technology/redstone",
		"repeater": "block/technology/repeater",
		"containment": "block/technology/containment"
	},
	"elements": [
		{
			"__comment": "Inner beacon texture",
			"from": [ 5, 6, 5 ],
			"to": [ 11, 12, 11 ],
			"faces": {
				"down": { "uv": [ 13, 13, 3, 3 ], "texture": "#beacon04" },
				"up": { "uv": [ 3, 3, 13, 13 ], "texture": "#beacon04" },
				"north": { "uv": [ 3, 3, 13, 13 ], "texture": "#beacon" },
				"south": { "uv": [ 3, 3, 13, 13 ], "texture": "#beacon01" },
				"west": { "uv": [ 3, 3, 13, 13 ], "texture": "#beacon02" },
				"east": { "uv": [ 3, 3, 13, 13 ], "texture": "#beacon03" }
			}
		},
		{
			"from": [ 4, 0, 4 ],
			"to": [ 12, 4, 12 ],
			"faces": {
				"down": { "uv": [ 8, 8, 16, 16 ], "texture": "#redstone", "cullface": "down" },
				"north": { "uv": [ 0, 0, 8, 4 ], "texture": "#redstone" },
				"south": { "uv": [ 0, 0, 8, 4 ], "texture": "#redstone" },
				"west": { "uv": [ 0, 0, 8, 4 ], "texture": "#redstone" },
				"east": { "uv": [ 0, 0, 8, 4 ], "texture": "#redstone" }
			}
		},
		{
			"from": [ 0, 0, 5 ],
			"to": [ 2, 2, 11 ],
			"faces": {
				"down": { "uv": [ 6, 4, 0, 6 ], "texture": "#comparator", "cullface": "down", "rotation": 90 },
				"up": { "uv": [ 0, 6, 6, 4 ], "texture": "#comparator", "rotation": 90 },
				"north": { "uv": [ 6, 4, 8, 6 ], "texture": "#comparator" },
				"south": { "uv": [ 6, 4, 8, 6 ], "texture": "#comparator" },
				"west": { "uv": [ 0, 4, 6, 6 ], "texture": "#comparator", "cullface": "west" },
				"east": { "uv": [ 0, 6, 6, 8 ], "texture": "#comparator" }
			}
		},
		{
			"from": [ 14, 0, 5 ],
			"to": [ 16, 2, 11 ],
			"faces": {
				"down": { "uv": [ 6, 4, 0, 6 ], "texture": "#comparator", "cullface": "down", "rotation": 90 },
				"up": { "uv": [ 0, 6, 6, 4 ], "texture": "#comparator", "rotation": 90 },
				"north": { "uv": [ 6, 4, 8, 6 ], "texture": "#comparator" },
				"south": { "uv": [ 6, 4, 8, 6 ], "texture": "#comparator" },
				"west": { "uv": [ 0, 6, 6, 8 ], "texture": "#comparator" },
				"east": { "uv": [ 0, 4, 6, 6 ], "texture": "#comparator", "cullface": "east" }
			}
		},
		{
			"from": [ 5, 0, 14 ],
			"to": [ 11, 2, 16 ],
			"faces": {
				"down": { "uv": [ 6, 6, 0, 4 ], "texture": "#comparator", "cullface": "down" },
				"up": { "uv": [ 0, 4, 6, 6 ], "texture": "#comparator" },
				"north": { "uv": [ 0, 6, 6, 8 ], "texture": "#comparator" },
				"south": { "uv": [ 0, 4, 6, 6 ], "texture": "#comparator", "cullface": "south" },
				"west": { "uv": [ 6, 4, 8, 6 ], "texture": "#comparator" },
				"east": { "uv": [ 6, 4, 8, 6 ], "texture": "#comparator" }
			}
		},
		{
			"from": [ 5, 0, 0 ],
			"to": [ 11, 2, 2 ],
			"faces": {
				"down": { "uv": [ 6, 6, 0, 4 ], "texture": "#comparator", "cullface": "down" },
				"up": { "uv": [ 0, 4, 6, 6 ], "texture": "#comparator" },
				"north": { "uv": [ 0, 4, 6, 6 ], "texture": "#comparator", "cullface": "north" },
				"south": { "uv": [ 0, 6, 6, 8 ], "texture": "#comparator" },
				"west": { "uv": [ 6, 4, 8, 6 ], "texture": "#comparator" },
				"east": { "uv": [ 6, 4, 8, 6 ], "texture": "#comparator" }
			}
		},
		{
			"from": [ 12, 0, 6 ],
			"to": [ 14, 1, 10 ],
			"faces": {
				"down": { "uv": [ 10, 0, 11, 4 ], "texture": "#repeater", "cullface": "down" },
				"up": { "uv": [ 10, 0, 11, 4 ], "texture": "#repeater" },
				"north": { "uv": [ 10, 2, 11, 3 ], "texture": "#repeater" },
				"south": { "uv": [ 10, 2, 11, 3 ], "texture": "#repeater" }
			}
		},
		{
			"from": [ 6, 0, 2 ],
			"to": [ 10, 1, 4 ],
			"faces": {
				"down": { "uv": [ 10, 0, 11, 4 ], "texture": "#repeater", "cullface": "down", "rotation": 90 },
				"up": { "uv": [ 10, 0, 11, 4 ], "texture": "#repeater", "rotation": 90 },
				"west": { "uv": [ 10, 2, 11, 3 ], "texture": "#repeater" },
				"east": { "uv": [ 10, 2, 11, 3 ], "texture": "#repeater" }
			}
		},
		{
			"from": [ 6, 0, 12 ],
			"to": [ 10, 1, 14 ],
			"faces": {
				"down": { "uv": [ 10, 0, 11, 4 ], "texture": "#repeater", "cullface": "down", "rotation": 90 },
				"up": { "uv": [ 10, 0, 11, 4 ], "texture": "#repeater", "rotation": 90 },
				"west": { "uv": [ 10, 2, 11, 3 ], "texture": "#repeater" },
				"east": { "uv": [ 10, 2, 11, 3 ], "texture": "#repeater" }
			}
		},
		{
			"from": [ 2, 0, 6 ],
			"to": [ 4, 1, 10 ],
			"faces": {
				"down": { "uv": [ 10, 0, 11, 4 ], "texture": "#repeater", "cullface": "down" },
				"up": { "uv": [ 10, 0, 11, 4 ], "texture": "#repeater" },
				"north": { "uv": [ 10, 2, 11, 3 ], "texture": "#repeater" },
				"south": { "uv": [ 10, 2, 11, 3 ], "texture": "#repeater" }
			}
		},
		{
			"from": [ 1, 0, 13 ],
			"to": [ 2, 1, 13.5 ],
			"faces": {
				"down": { "uv": [ 12, 13, 13, 14 ], "texture": "#comparator", "cullface": "down" },
				"up": { "uv": [ 12, 13, 13, 14 ], "texture": "#comparator" },
				"west": { "uv": [ 13, 12, 14, 13 ], "texture": "#comparator" },
				"east": { "uv": [ 13, 12, 14, 13 ], "texture": "#comparator" }
			}
		},
		{
			"from": [ 2, 0, 2 ],
			"to": [ 3, 1, 3 ],
			"faces": {
				"down": { "uv": [ 12, 13, 13, 12 ], "texture": "#comparator", "cullface": "down" },
				"up": { "uv": [ 12, 12, 13, 13 ], "texture": "#comparator" },
				"north": { "uv": [ 14, 12, 15, 13 ], "texture": "#comparator" },
				"west": { "uv": [ 15, 12, 14, 13 ], "texture": "#comparator" }
			}
		},
		{
			"from": [ 2, 0, 13.5 ],
			"to": [ 3, 1, 14.5 ],
			"faces": {
				"down": { "uv": [ 13, 12, 13.5, 13 ], "texture": "#comparator", "cullface": "down" },
				"up": { "uv": [ 13, 12, 13.5, 13 ], "texture": "#comparator" },
				"north": { "uv": [ 13, 12, 13.5, 13 ], "texture": "#comparator" },
				"south": { "uv": [ 13, 12, 13.5, 13 ], "texture": "#comparator" }
			}
		},
		{
			"from": [ 3, 0, 0.5 ],
			"to": [ 4, 1, 1.5 ],
			"faces": {
				"down": { "uv": [ 12, 13, 13, 12 ], "texture": "#comparator", "cullface": "down" },
				"up": { "uv": [ 12, 12, 13, 13 ], "texture": "#comparator" },
				"north": { "uv": [ 14, 12, 15, 13 ], "texture": "#comparator" },
				"west": { "uv": [ 15, 12, 14, 13 ], "texture": "#comparator" }
			}
		},
		{
			"from": [ 0.5, 0, 3 ],
			"to": [ 1.5, 1, 4 ],
			"faces": {
				"down": { "uv": [ 12, 13, 13, 12 ], "texture": "#comparator", "cullface": "down" },
				"up": { "uv": [ 12, 12, 13, 13 ], "texture": "#comparator" },
				"north": { "uv": [ 14, 12, 15, 13 ], "texture": "#comparator" },
				"west": { "uv": [ 15, 12, 14, 13 ], "texture": "#comparator" }
			}
		},
		{
			"from": [ 13, 0, 13 ],
			"to": [ 14, 1, 14 ],
			"faces": {
				"down": { "uv": [ 12, 13, 13, 12 ], "texture": "#comparator", "cullface": "down" },
				"up": { "uv": [ 12, 12, 13, 13 ], "texture": "#comparator" },
				"north": { "uv": [ 14, 12, 15, 13 ], "texture": "#comparator" },
				"west": { "uv": [ 15, 12, 14, 13 ], "texture": "#comparator" }
			}
		},
		{
			"from": [ 3, 0, 2 ],
			"to": [ 4, 1, 3 ],
			"faces": {
				"down": { "uv": [ 13, 12, 12, 13 ], "texture": "#comparator", "cullface": "down" },
				"up": { "uv": [ 13, 13, 12, 12 ], "texture": "#comparator" },
				"south": { "uv": [ 14, 12, 15, 13 ], "texture": "#comparator" },
				"east": { "uv": [ 15, 12, 14, 13 ], "texture": "#comparator" }
			}
		},
		{
			"from": [ 2, 0, 3 ],
			"to": [ 3, 1, 4 ],
			"faces": {
				"down": { "uv": [ 13, 12, 12, 13 ], "texture": "#comparator", "cullface": "down" },
				"up": { "uv": [ 13, 13, 12, 12 ], "texture": "#comparator" },
				"south": { "uv": [ 14, 12, 15, 13 ], "texture": "#comparator" },
				"east": { "uv": [ 15, 12, 14, 13 ], "texture": "#comparator" }
			}
		},
		{
			"from": [ 14.5, 0, 13 ],
			"to": [ 15.5, 1, 14 ],
			"faces": {
				"down": { "uv": [ 13, 12, 12, 13 ], "texture": "#comparator", "cullface": "down" },
				"up": { "uv": [ 13, 13, 12, 12 ], "texture": "#comparator" },
				"south": { "uv": [ 14, 12, 15, 13 ], "texture": "#comparator" },
				"east": { "uv": [ 15, 12, 14, 13 ], "texture": "#comparator" }
			}
		},
		{
			"from": [ 13, 0, 14.5 ],
			"to": [ 14, 1, 15.5 ],
			"faces": {
				"down": { "uv": [ 13, 12, 12, 13 ], "texture": "#comparator", "cullface": "down" },
				"up": { "uv": [ 13, 13, 12, 12 ], "texture": "#comparator" },
				"south": { "uv": [ 14, 12, 15, 13 ], "texture": "#comparator" },
				"east": { "uv": [ 15, 12, 14, 13 ], "texture": "#comparator" }
			}
		},
		{
			"from": [ 11, 0, 14.5 ],
			"to": [ 13, 1, 15.5 ],
			"faces": {
				"down": { "uv": [ 13, 12, 13.5, 13 ], "texture": "#comparator", "cullface": "down" },
				"up": { "uv": [ 13, 12, 13.5, 13 ], "texture": "#comparator" },
				"north": { "uv": [ 13, 12, 13.5, 13 ], "texture": "#comparator" },
				"south": { "uv": [ 13, 12, 13.5, 13 ], "texture": "#comparator" }
			}
		},
		{
			"from": [ 14.5, 0, 1.5 ],
			"to": [ 15.5, 1, 5 ],
			"faces": {
				"down": { "uv": [ 12, 13.5, 13, 14 ], "texture": "#comparator", "cullface": "down" },
				"up": { "uv": [ 12, 13.5, 13, 14 ], "texture": "#comparator" },
				"west": { "uv": [ 13.5, 12, 14, 13 ], "texture": "#comparator" },
				"east": { "uv": [ 13, 12, 13.5, 13 ], "texture": "#comparator" }
			}
		},
		{
			"from": [ 4, 0, 0.5 ],
			"to": [ 5, 1, 1.5 ],
			"faces": {
				"down": { "uv": [ 13, 12, 13.5, 13 ], "texture": "#comparator", "cullface": "down" },
				"up": { "uv": [ 13, 12, 13.5, 13 ], "texture": "#comparator" },
				"north": { "uv": [ 13, 12, 13.5, 13 ], "texture": "#comparator" },
				"south": { "uv": [ 13, 12, 13.5, 13 ], "texture": "#comparator" }
			}
		},
		{
			"from": [ 14, 0, 13 ],
			"to": [ 14.5, 1, 14 ],
			"faces": {
				"down": { "uv": [ 13, 12, 13.5, 13 ], "texture": "#comparator", "cullface": "down" },
				"up": { "uv": [ 13, 12, 13.5, 13 ], "texture": "#comparator" },
				"north": { "uv": [ 13, 12, 13.5, 13 ], "texture": "#comparator" },
				"south": { "uv": [ 13, 12, 13.5, 13 ], "texture": "#comparator" }
			}
		},
		{
			"from": [ 3, 0, 1.5 ],
			"to": [ 4, 1, 2 ],
			"faces": {
				"down": { "uv": [ 12, 13.5, 13, 14 ], "texture": "#comparator", "cullface": "down" },
				"up": { "uv": [ 12, 13.5, 13, 14 ], "texture": "#comparator" },
				"west": { "uv": [ 13.5, 12, 14, 13 ], "texture": "#comparator" },
				"east": { "uv": [ 13, 12, 13.5, 13 ], "texture": "#comparator" }
			}
		},
		{
			"from": [ 13, 0, 14 ],
			"to": [ 14, 1, 14.5 ],
			"faces": {
				"down": { "uv": [ 12, 13.5, 13, 14 ], "texture": "#comparator", "cullface": "down" },
				"up": { "uv": [ 12, 13.5, 13, 14 ], "texture": "#comparator" },
				"west": { "uv": [ 13.5, 12, 14, 13 ], "texture": "#comparator" },
				"east": { "uv": [ 13, 12, 13.5, 13 ], "texture": "#comparator" }
			}
		},
		{
			"from": [ 14.5, 0, 11 ],
			"to": [ 15.5, 1, 13 ],
			"faces": {
				"down": { "uv": [ 12, 13.5, 13, 14 ], "texture": "#comparator", "cullface": "down" },
				"up": { "uv": [ 12, 13.5, 13, 14 ], "texture": "#comparator" },
				"west": { "uv": [ 13.5, 12, 14, 13 ], "texture": "#comparator" },
				"east": { "uv": [ 13, 12, 13.5, 13 ], "texture": "#comparator" }
			}
		},
		{
			"from": [ 11, 0, 0.5 ],
			"to": [ 14.5, 1, 1.5 ],
			"faces": {
				"down": { "uv": [ 13, 12, 13.5, 13 ], "texture": "#comparator", "cullface": "down" },
				"up": { "uv": [ 13, 12, 13.5, 13 ], "texture": "#comparator" },
				"north": { "uv": [ 13, 12, 13.5, 13 ], "texture": "#comparator" },
				"south": { "uv": [ 13, 12, 13.5, 13 ], "texture": "#comparator" }
			}
		},
		{
			"from": [ 3, 0, 13.5 ],
			"to": [ 4, 1, 14.5 ],
			"faces": {
				"down": { "uv": [ 13, 13, 12, 12 ], "texture": "#comparator", "cullface": "down" },
				"up": { "uv": [ 13, 12, 12, 13 ], "texture": "#comparator" },
				"north": { "uv": [ 15, 12, 14, 13 ], "texture": "#comparator" },
				"east": { "uv": [ 14, 12, 15, 13 ], "texture": "#comparator" }
			}
		},
		{
			"from": [ 1.5, 0, 12 ],
			"to": [ 2, 1, 13 ],
			"faces": {
				"down": { "uv": [ 13, 13, 12, 12 ], "texture": "#comparator", "cullface": "down" },
				"up": { "uv": [ 12.5, 12, 12, 13 ], "texture": "#comparator" },
				"north": { "uv": [ 15, 12, 14, 13 ], "texture": "#comparator" },
				"east": { "uv": [ 14, 12, 15, 13 ], "texture": "#comparator" }
			}
		},
		{
			"from": [ 0.5, 0, 4 ],
			"to": [ 1.5, 1, 5 ],
			"faces": {
				"down": { "uv": [ 12, 13, 13, 14 ], "texture": "#comparator", "cullface": "down" },
				"up": { "uv": [ 12, 13, 13, 14 ], "texture": "#comparator" },
				"west": { "uv": [ 13, 12, 14, 13 ], "texture": "#comparator" },
				"east": { "uv": [ 13, 12, 14, 13 ], "texture": "#comparator" }
			}
		},
		{
			"from": [ 3, 0, 14.5 ],
			"to": [ 4, 1, 15.5 ],
			"faces": {
				"down": { "uv": [ 12, 12, 13, 13 ], "texture": "#comparator", "cullface": "down" },
				"up": { "uv": [ 12, 13, 13, 12 ], "texture": "#comparator" },
				"south": { "uv": [ 14, 12, 13, 13 ], "texture": "#comparator" },
				"west": { "uv": [ 14, 12, 15, 13 ], "texture": "#comparator" }
			}
		},
		{
			"from": [ 1, 0, 12 ],
			"to": [ 1.5, 1, 12.5 ],
			"faces": {
				"down": { "uv": [ 12.5, 12.5, 13, 13 ], "texture": "#comparator", "cullface": "down" },
				"up": { "uv": [ 12.5, 13, 13, 12.5 ], "texture": "#comparator" }
			}
		},
		{
			"from": [ 1, 0, 12.5 ],
			"to": [ 1.5, 1, 13 ],
			"faces": {
				"down": { "uv": [ 13, 13, 12.5, 12.5 ], "texture": "#comparator", "cullface": "down" },
				"up": { "uv": [ 13, 12.5, 12.5, 13 ], "texture": "#comparator" }
			}
		},
		{
			"from": [ 0.5, 0, 11 ],
			"to": [ 1.5, 1, 12 ],
			"faces": {
				"down": { "uv": [ 12, 13, 13, 14 ], "texture": "#comparator", "cullface": "down" },
				"up": { "uv": [ 12, 13, 13, 14 ], "texture": "#comparator" },
				"west": { "uv": [ 13, 12, 14, 13 ], "texture": "#comparator" },
				"east": { "uv": [ 13, 12, 14, 13 ], "texture": "#comparator" }
			}
		},
		{
			"from": [ 1.5, 0, 3 ],
			"to": [ 2, 1, 4 ],
			"faces": {
				"down": { "uv": [ 13, 12, 13.5, 13 ], "texture": "#comparator", "cullface": "down" },
				"up": { "uv": [ 13, 12, 13.5, 13 ], "texture": "#comparator" },
				"north": { "uv": [ 13, 12, 13.5, 13 ], "texture": "#comparator" },
				"south": { "uv": [ 13, 12, 13.5, 13 ], "texture": "#comparator" }
			}
		},
		{
			"from": [ 4, 0, 14.5 ],
			"to": [ 5, 1, 15.5 ],
			"faces": {
				"down": { "uv": [ 13, 12, 13.5, 13 ], "texture": "#comparator", "cullface": "down" },
				"up": { "uv": [ 13, 12, 13.5, 13 ], "texture": "#comparator" },
				"north": { "uv": [ 13, 12, 13.5, 13 ], "texture": "#comparator" },
				"south": { "uv": [ 13, 12, 13.5, 13 ], "texture": "#comparator" }
			}
		},
		{
			"from": [ 0.5, 0, 12 ],
			"to": [ 1, 1, 13 ],
			"faces": {
				"down": { "uv": [ 12, 12, 12.5, 13 ], "texture": "#comparator", "cullface": "down" },
				"up": { "uv": [ 12, 13, 12.5, 12 ], "texture": "#comparator" },
				"south": { "uv": [ 15, 12, 14.5, 13 ], "texture": "#comparator" },
				"west": { "uv": [ 14, 12, 15, 13 ], "texture": "#comparator" }
			}
		},
		{
			"from": [ 1, 0, 13.5 ],
			"to": [ 2, 1, 14.5 ],
			"faces": {
				"down": { "uv": [ 12, 12, 13, 13 ], "texture": "#comparator", "cullface": "down" },
				"up": { "uv": [ 12, 13, 13, 12 ], "texture": "#comparator" },
				"south": { "uv": [ 15, 12, 14, 13 ], "texture": "#comparator" },
				"west": { "uv": [ 14, 12, 15, 13 ], "texture": "#comparator" }
			}
		},
		{
			"from": [ 14.5, 0, 0.5 ],
			"to": [ 15.5, 1, 1.5 ],
			"faces": {
				"down": { "uv": [ 13, 13, 12, 12 ], "texture": "#comparator", "cullface": "down" },
				"up": { "uv": [ 13, 12, 12, 13 ], "texture": "#comparator" },
				"north": { "uv": [ 15, 12, 14, 13 ], "texture": "#comparator" },
				"east": { "uv": [ 14, 12, 15, 13 ], "texture": "#comparator" }
			}
		},
		{
			"from": [ 13, 3, 2 ],
			"to": [ 14, 4, 3 ],
			"faces": {
				"down": { "uv": [ 1, 9, 0, 10 ], "texture": "#redstone" },
				"north": { "uv": [ 0, 9, 1, 10 ], "texture": "#redstone" },
				"east": { "uv": [ 5, 9, 6, 10 ], "texture": "#redstone" }
			}
		},
		{
			"from": [ 3, 14, 13 ],
			"to": [ 13, 15, 14 ],
			"faces": {
				"down": { "uv": [ 1, 10, 4.5, 11 ], "texture": "#redstone" },
				"up": { "uv": [ 1, 10, 5, 11 ], "texture": "#redstone" },
				"north": { "uv": [ 1, 10, 5, 11 ], "texture": "#redstone" },
				"south": { "uv": [ 1, 10, 5, 11 ], "texture": "#redstone" }
			}
		},
		{
			"from": [ 3, 14, 2 ],
			"to": [ 13, 15, 3 ],
			"faces": {
				"down": { "uv": [ 1, 10, 4.5, 11 ], "texture": "#redstone" },
				"up": { "uv": [ 1, 10, 5, 11 ], "texture": "#redstone" },
				"north": { "uv": [ 1, 10, 5, 11 ], "texture": "#redstone" },
				"south": { "uv": [ 1, 10, 5, 11 ], "texture": "#redstone" }
			}
		},
		{
			"from": [ 13, 14, 3 ],
			"to": [ 14, 15, 13 ],
			"faces": {
				"down": { "uv": [ 1.5, 10, 4, 11 ], "texture": "#redstone", "rotation": 270 },
				"up": { "uv": [ 1.5, 10, 4, 11 ], "texture": "#redstone", "rotation": 270 },
				"west": { "uv": [ 1, 10, 5, 11 ], "texture": "#redstone" },
				"east": { "uv": [ 1, 10, 5, 11 ], "texture": "#redstone" }
			}
		},
		{
			"from": [ 2, 14, 3 ],
			"to": [ 3, 15, 13 ],
			"faces": {
				"down": { "uv": [ 1.5, 10, 4, 11 ], "texture": "#redstone", "rotation": 270 },
				"up": { "uv": [ 1.5, 10, 4, 11 ], "texture": "#redstone", "rotation": 270 },
				"west": { "uv": [ 1, 10, 5, 11 ], "texture": "#redstone" },
				"east": { "uv": [ 1, 10, 5, 11 ], "texture": "#redstone" }
			}
		},
		{
			"from": [ 2, 3, 2 ],
			"to": [ 3, 4, 3 ],
			"faces": {
				"down": { "uv": [ 6, 9, 5, 10 ], "texture": "#redstone" },
				"north": { "uv": [ 5, 9, 6, 10 ], "texture": "#redstone" },
				"west": { "uv": [ 0, 9, 1, 10 ], "texture": "#redstone" }
			}
		},
		{
			"from": [ 2, 3, 13 ],
			"to": [ 3, 4, 14 ],
			"faces": {
				"down": { "uv": [ 0, 10, 1, 9 ], "texture": "#redstone" },
				"south": { "uv": [ 0, 9, 1, 10 ], "texture": "#redstone" },
				"west": { "uv": [ 5, 9, 6, 10 ], "texture": "#redstone" }
			}
		},
		{
			"from": [ 13, 3, 13 ],
			"to": [ 14, 4, 14 ],
			"faces": {
				"down": { "uv": [ 5, 10, 6, 9 ], "texture": "#redstone" },
				"south": { "uv": [ 5, 9, 6, 10 ], "texture": "#redstone" },
				"east": { "uv": [ 0, 9, 1, 10 ], "texture": "#redstone" }
			}
		},
		{
			"from": [ 13, 4, 13 ],
			"to": [ 14, 14, 14 ],
			"faces": {
				"north": { "uv": [ 1.5, 9, 3.5, 10 ], "texture": "#redstone", "rotation": 90 },
				"south": { "uv": [ 1.5, 9, 3.5, 10 ], "texture": "#redstone", "rotation": 90 },
				"west": { "uv": [ 1.5, 9, 3.5, 10 ], "texture": "#redstone", "rotation": 90 },
				"east": { "uv": [ 1.5, 9, 3.5, 10 ], "texture": "#redstone", "rotation": 90 }
			}
		},
		{
			"from": [ 2, 4, 13 ],
			"to": [ 3, 14, 14 ],
			"faces": {
				"north": { "uv": [ 1.5, 9, 3.5, 10 ], "texture": "#redstone", "rotation": 90 },
				"south": { "uv": [ 1.5, 9, 3.5, 10 ], "texture": "#redstone", "rotation": 90 },
				"west": { "uv": [ 1.5, 9, 3.5, 10 ], "texture": "#redstone", "rotation": 90 },
				"east": { "uv": [ 1.5, 9, 3.5, 10 ], "texture": "#redstone", "rotation": 90 }
			}
		},
		{
			"from": [ 13, 4, 2 ],
			"to": [ 14, 14, 3 ],
			"faces": {
				"north": { "uv": [ 1.5, 9, 3.5, 10 ], "texture": "#redstone", "rotation": 90 },
				"south": { "uv": [ 1.5, 9, 3.5, 10 ], "texture": "#redstone", "rotation": 90 },
				"west": { "uv": [ 1.5, 9, 3.5, 10 ], "texture": "#redstone", "rotation": 90 },
				"east": { "uv": [ 1.5, 9, 3.5, 10 ], "texture": "#redstone", "rotation": 90 }
			}
		},
		{
			"from": [ 2, 4, 2 ],
			"to": [ 3, 14, 3 ],
			"faces": {
				"north": { "uv": [ 1.5, 9, 3.5, 10 ], "texture": "#redstone", "rotation": 90 },
				"south": { "uv": [ 1.5, 9, 3.5, 10 ], "texture": "#redstone", "rotation": 90 },
				"west": { "uv": [ 1.5, 9, 3.5, 10 ], "texture": "#redstone", "rotation": 90 },
				"east": { "uv": [ 1.5, 9, 3.5, 10 ], "texture": "#redstone", "rotation": 90 }
			}
		},
		{
			"from": [ 3, 3, 2 ],
			"to": [ 13, 4, 3 ],
			"faces": {
				"down": { "uv": [ 1, 10, 4.5, 11 ], "texture": "#redstone" },
				"up": { "uv": [ 1, 10, 5, 11 ], "texture": "#redstone" },
				"north": { "uv": [ 1, 10, 5, 11 ], "texture": "#redstone" },
				"south": { "uv": [ 1, 10, 5, 11 ], "texture": "#redstone" }
			}
		},
		{
			"from": [ 13, 3, 3 ],
			"to": [ 14, 4, 13 ],
			"faces": {
				"down": { "uv": [ 1.5, 10, 4, 11 ], "texture": "#redstone", "rotation": 270 },
				"up": { "uv": [ 1.5, 10, 4, 11 ], "texture": "#redstone", "rotation": 270 },
				"west": { "uv": [ 1, 10, 5, 11 ], "texture": "#redstone" },
				"east": { "uv": [ 1, 10, 5, 11 ], "texture": "#redstone" }
			}
		},
		{
			"from": [ 2, 3, 3 ],
			"to": [ 3, 4, 13 ],
			"faces": {
				"down": { "uv": [ 1.5, 10, 4, 11 ], "texture": "#redstone", "rotation": 270 },
				"up": { "uv": [ 1.5, 10, 4, 11 ], "texture": "#redstone", "rotation": 270 },
				"west": { "uv": [ 1, 10, 5, 11 ], "texture": "#redstone" },
				"east": { "uv": [ 1, 10, 5, 11 ], "texture": "#redstone" }
			}
		},
		{
			"from": [ 3, 3, 13 ],
			"to": [ 13, 4, 14 ],
			"faces": {
				"down": { "uv": [ 1, 10, 4.5, 11 ], "texture": "#redstone" },
				"up": { "uv": [ 1, 10, 5, 11 ], "texture": "#redstone" },
				"north": { "uv": [ 1, 10, 5, 11 ], "texture": "#redstone" },
				"south": { "uv": [ 1, 10, 5, 11 ], "texture": "#redstone" }
			}
		},
		{
			"from": [ 2, 14, 13 ],
			"to": [ 3, 15, 14 ],
			"faces": {
				"up": { "uv": [ 0, 9, 1, 10 ], "texture": "#redstone" },
				"south": { "uv": [ 0, 10, 1, 9 ], "texture": "#redstone" },
				"west": { "uv": [ 5, 10, 6, 9 ], "texture": "#redstone" }
			}
		},
		{
			"from": [ 2, 14, 2 ],
			"to": [ 3, 15, 3 ],
			"faces": {
				"up": { "uv": [ 0, 10, 1, 9 ], "texture": "#redstone" },
				"north": { "uv": [ 5, 10, 6, 9 ], "texture": "#redstone" },
				"west": { "uv": [ 0, 10, 1, 9 ], "texture": "#redstone" }
			}
		},
		{
			"from": [ 13, 14, 2 ],
			"to": [ 14, 15, 3 ],
			"faces": {
				"up": { "uv": [ 5, 10, 6, 9 ], "texture": "#redstone" },
				"north": { "uv": [ 0, 10, 1, 9 ], "texture": "#redstone" },
				"east": { "uv": [ 5, 10, 6, 9 ], "texture": "#redstone" }
			}
		},
		{
			"from": [ 13, 14, 13 ],
			"to": [ 14, 15, 14 ],
			"faces": {
				"up": { "uv": [ 5, 9, 6, 10 ], "texture": "#redstone" },
				"south": { "uv": [ 5, 10, 6, 9 ], "texture": "#redstone" },
				"east": { "uv": [ 0, 10, 1, 9 ], "texture": "#redstone" }
			}
		},
		{
			"from": [ 3, 3, 3 ],
			"to": [ 13, 4, 13 ],
			"faces": {
				"up": { "uv": [ 3, 3, 13, 13 ], "texture": "#containment" }
			}
		},
		{
			"from": [ 3, 4, 13 ],
			"to": [ 13, 14, 14 ],
			"faces": {
				"north": { "uv": [ 3, 2, 13, 12 ], "texture": "#containment" }
			}
		},
		{
			"from": [ 3, 4, 2 ],
			"to": [ 13, 14, 3 ],
			"faces": {
				"south": { "uv": [ 3, 2, 13, 12 ], "texture": "#containment" }
			}
		},
		{
			"from": [ 3, 14, 3 ],
			"to": [ 13, 15, 13 ],
			"faces": {
				"down": { "uv": [ 3, 3, 13, 13 ], "texture": "#containment" }
			}
		},
		{
			"from": [ 13, 4, 3 ],
			"to": [ 14, 14, 13 ],
			"faces": {
				"west": { "uv": [ 3, 2, 13, 12 ], "texture": "#containment" }
			}
		},
		{
			"from": [ 2, 4, 3 ],
			"to": [ 3, 14, 13 ],
			"faces": {
				"east": { "uv": [ 3, 2, 13, 12 ], "texture": "#containment" }
			}
		}
	],
	"overrides": [
	]
}