{
	"__comment": "Designed by Linyor with BDcraft Cubik PRO 0.95 Beta - http://bdcraft.net",
	"parent": "block/block",
	"ambientocclusion": false,
	"textures": {
		"particle": "block/bookshelf",
		"bookshelf": "block/bookshelf",
		"planks": "block/oak_planks"
	},
	"elements": [
		{
			"__comment": "MiddleShelf",
			"from": [ 1.5, 7.5, 0 ],
			"to": [ 14.5, 8.5, 16 ],
			"faces": {
				"down": { "uv": [ 14.5, 16, 1.5, 0 ], "texture": "#planks" },
				"up": { "uv": [ 1.5, 0, 14.5, 16 ], "texture": "#planks" },
				"north": { "uv": [ 1.5, 7.5, 14.5, 8.5 ], "texture": "#bookshelf", "cullface": "north" },
				"south": { "uv": [ 1.5, 7.5, 14.5, 8.5 ], "texture": "#bookshelf", "cullface": "south" }
			}
		},
		{
			"__comment": "MiddleColumn",
			"from": [ 6, 1.5, 6 ],
			"to": [ 10, 14.5, 10 ],
			"faces": {
				"north": { "uv": [ 3, 2, 6.5, 4 ], "texture": "#bookshelf", "cullface": "north" },
				"south": { "uv": [ 3, 2, 6.5, 4 ], "texture": "#bookshelf", "cullface": "south" },
				"west": { "uv": [ 3, 2, 6.5, 4 ], "texture": "#bookshelf", "cullface": "west" },
				"east": { "uv": [ 3, 2, 6.5, 4 ], "texture": "#bookshelf", "cullface": "east" }
			}
		},
		{
			"__comment": "TopMiddle",
			"from": [ 0, 14.5, 1.5 ],
			"to": [ 16, 16, 14.5 ],
			"faces": {
				"down": { "uv": [ 16, 14.5, 0, 1.5 ], "texture": "#planks" },
				"up": { "uv": [ 0, 1.5, 16, 14.5 ], "texture": "#planks", "cullface": "up" },
				"west": { "uv": [ 1.25, 0, 14.75, 1.25 ], "texture": "#bookshelf", "cullface": "west" },
				"east": { "uv": [ 1.25, 0, 14.75, 1.25 ], "texture": "#bookshelf", "cullface": "east" }
			}
		},
		{
			"__comment": "TopEdge1",
			"from": [ 1.5, 14.5, 0 ],
			"to": [ 14.5, 16, 1.5 ],
			"faces": {
				"down": { "uv": [ 14.5, 1.5, 1.5, 0 ], "texture": "#planks" },
				"up": { "uv": [ 1.5, 0, 14.5, 1.5 ], "texture": "#planks", "cullface": "up" },
				"north": { "uv": [ 1.25, 0, 14.75, 1.25 ], "texture": "#bookshelf", "cullface": "north" }
			}
		},
		{
			"__comment": "TopEdge2",
			"from": [ 1.5, 14.5, 14.5 ],
			"to": [ 14.5, 16, 16 ],
			"faces": {
				"down": { "uv": [ 14.5, 16, 1.5, 14.5 ], "texture": "#planks" },
				"up": { "uv": [ 1.5, 14.5, 14.5, 16 ], "texture": "#planks", "cullface": "up" },
				"south": { "uv": [ 1.25, 0, 14.75, 1.25 ], "texture": "#bookshelf", "cullface": "south" }
			}
		},
		{
			"__comment": "TopCorner1",
			"from": [ 0, 14.5, 0 ],
			"to": [ 1.5, 16, 1.5 ],
			"faces": {
				"up": { "uv": [ 0, 0, 1.5, 1.5 ], "texture": "#planks", "cullface": "up" },
				"north": { "uv": [ 14.75, 0, 16, 1.25 ], "texture": "#bookshelf", "cullface": "north" },
				"west": { "uv": [ 0, 0, 1.25, 1.25 ], "texture": "#bookshelf", "cullface": "west" }
			}
		},
		{
			"__comment": "TopCorner2",
			"from": [ 14.5, 14.5, 0 ],
			"to": [ 16, 16, 1.5 ],
			"faces": {
				"up": { "uv": [ 14.5, 0, 16, 1.5 ], "texture": "#planks", "cullface": "up" },
				"north": { "uv": [ 0, 0, 1.25, 1.25 ], "texture": "#bookshelf", "cullface": "north" },
				"east": { "uv": [ 14.75, 0, 16, 1.25 ], "texture": "#bookshelf", "cullface": "east" }
			}
		},
		{
			"__comment": "TopCorner3",
			"from": [ 14.5, 14.5, 14.5 ],
			"to": [ 16, 16, 16 ],
			"faces": {
				"up": { "uv": [ 14.5, 14.5, 16, 16 ], "texture": "#planks", "cullface": "up" },
				"south": { "uv": [ 14.75, 0, 16, 1.25 ], "texture": "#bookshelf", "cullface": "south" },
				"east": { "uv": [ 0, 0, 1.25, 1.25 ], "texture": "#bookshelf", "cullface": "east" }
			}
		},
		{
			"__comment": "TopCorner4",
			"from": [ 0, 14.5, 14.5 ],
			"to": [ 1.5, 16, 16 ],
			"faces": {
				"up": { "uv": [ 0, 14.5, 1.5, 16 ], "texture": "#planks", "cullface": "up" },
				"south": { "uv": [ 0, 0, 1.25, 1.25 ], "texture": "#bookshelf", "cullface": "south" },
				"west": { "uv": [ 14.75, 0, 16, 1.25 ], "texture": "#bookshelf", "cullface": "west" }
			}
		},
		{
			"__comment": "BottomMiddle",
			"from": [ 0, 0, 1.5 ],
			"to": [ 16, 1.5, 14.5 ],
			"faces": {
				"down": { "uv": [ 16, 14.5, 0, 1.5 ], "texture": "#planks", "cullface": "down" },
				"up": { "uv": [ 0, 1.5, 16, 14.5 ], "texture": "#planks" },
				"west": { "uv": [ 1.25, 14.75, 14.75, 16 ], "texture": "#bookshelf", "cullface": "west" },
				"east": { "uv": [ 1.25, 14.75, 14.75, 16 ], "texture": "#bookshelf", "cullface": "east" }
			}
		},
		{
			"__comment": "BottomEdge1",
			"from": [ 1.5, 0, 14.5 ],
			"to": [ 14.5, 1.5, 16 ],
			"faces": {
				"down": { "uv": [ 14.5, 16, 1.5, 14.5 ], "texture": "#planks", "cullface": "down" },
				"up": { "uv": [ 1.5, 14.5, 14.5, 16 ], "texture": "#planks" },
				"south": { "uv": [ 1.25, 14.75, 14.75, 16 ], "texture": "#bookshelf", "cullface": "south" }
			}
		},
		{
			"__comment": "BottomEdge2",
			"from": [ 1.5, 0, 0 ],
			"to": [ 14.5, 1.5, 1.5 ],
			"faces": {
				"down": { "uv": [ 14.5, 1.5, 1.5, 0 ], "texture": "#planks", "cullface": "down" },
				"up": { "uv": [ 1.5, 0, 14.5, 1.5 ], "texture": "#planks" },
				"north": { "uv": [ 1.25, 14.75, 14.75, 16 ], "texture": "#bookshelf", "cullface": "north" }
			}
		},
		{
			"__comment": "BottomCorner1",
			"from": [ 0, 0, 0 ],
			"to": [ 1.5, 1.5, 1.5 ],
			"faces": {
				"down": { "uv": [ 16, 1.5, 14.5, 0 ], "texture": "#planks", "cullface": "down" },
				"north": { "uv": [ 14.75, 14.75, 16, 16 ], "texture": "#bookshelf", "cullface": "north" },
				"west": { "uv": [ 0, 14.75, 1.25, 16 ], "texture": "#bookshelf", "cullface": "west" }
			}
		},
		{
			"__comment": "BottomCorner2",
			"from": [ 14.5, 0, 0 ],
			"to": [ 16, 1.5, 1.5 ],
			"faces": {
				"down": { "uv": [ 1.5, 1.5, 0, 0 ], "texture": "#planks", "cullface": "down" },
				"north": { "uv": [ 0, 14.75, 1.25, 16 ], "texture": "#bookshelf", "cullface": "north" },
				"east": { "uv": [ 14.75, 14.75, 16, 16 ], "texture": "#bookshelf", "cullface": "east" }
			}
		},
		{
			"__comment": "BottomCorner3",
			"from": [ 0, 0, 14.5 ],
			"to": [ 1.5, 1.5, 16 ],
			"faces": {
				"down": { "uv": [ 16, 16, 14.5, 14.5 ], "texture": "#planks", "cullface": "down" },
				"south": { "uv": [ 0, 14.75, 1.25, 16 ], "texture": "#bookshelf", "cullface": "south" },
				"west": { "uv": [ 14.75, 14.75, 16, 16 ], "texture": "#bookshelf", "cullface": "west" }
			}
		},
		{
			"__comment": "BottomCorner4",
			"from": [ 14.5, 0, 14.5 ],
			"to": [ 16, 1.5, 16 ],
			"faces": {
				"down": { "uv": [ 1.5, 16, 0, 14.5 ], "texture": "#planks", "cullface": "down" },
				"south": { "uv": [ 14.75, 14.75, 16, 16 ], "texture": "#bookshelf", "cullface": "south" },
				"east": { "uv": [ 0, 14.75, 1.25, 16 ], "texture": "#bookshelf", "cullface": "east" }
			}
		},
		{
			"__comment": "VerticalEdge1",
			"from": [ 14.5, 1.5, 14.5 ],
			"to": [ 16, 14.5, 16 ],
			"faces": {
				"north": { "uv": [ 14.75, 2.375, 16, 13.875 ], "texture": "#bookshelf", "cullface": "east" },
				"south": { "uv": [ 16, 14.75, 14.75, 1.25 ], "texture": "#bookshelf", "cullface": "south", "rotation": 180 },
				"west": { "uv": [ 14.75, 2.5, 16, 13.625 ], "texture": "#bookshelf", "cullface": "south" },
				"east": { "uv": [ 16, 14.75, 14.75, 1.25 ], "texture": "#bookshelf", "cullface": "east", "rotation": 180 }
			}
		},
		{
			"__comment": "VerticalEdge2",
			"from": [ 14.5, 1.5, 0 ],
			"to": [ 16, 14.5, 1.5 ],
			"faces": {
				"north": { "uv": [ 0, 1.25, 1.25, 14.75 ], "texture": "#bookshelf", "cullface": "north" },
				"south": { "uv": [ 16, 2.375, 14.75, 13.875 ], "texture": "#bookshelf", "cullface": "east", "rotation": 180 },
				"west": { "uv": [ 14.75, 2.5, 16, 13.625 ], "texture": "#bookshelf", "cullface": "north" },
				"east": { "uv": [ 16, 1.25, 14.75, 14.75 ], "texture": "#bookshelf", "cullface": "east", "rotation": 180 }
			}
		},
		{
			"__comment": "VerticalEdge3",
			"from": [ 0, 1.5, 0 ],
			"to": [ 1.5, 14.5, 1.5 ],
			"faces": {
				"north": { "uv": [ 14.75, 1.25, 16, 14.75 ], "texture": "#bookshelf", "cullface": "north" },
				"south": { "uv": [ 16, 2.375, 14.75, 13.875 ], "texture": "#bookshelf", "cullface": "west", "rotation": 180 },
				"west": { "uv": [ 14.75, 1.25, 16, 14.75 ], "texture": "#bookshelf", "cullface": "west" },
				"east": { "uv": [ 16, 2.375, 14.75, 13.5 ], "texture": "#bookshelf", "cullface": "north", "rotation": 180 }
			}
		},
		{
			"__comment": "VerticalEdge4",
			"from": [ 0, 1.5, 14.5 ],
			"to": [ 1.5, 14.5, 16 ],
			"faces": {
				"north": { "uv": [ 14.75, 2.375, 16, 13.875 ], "texture": "#bookshelf", "cullface": "west" },
				"south": { "uv": [ 1.25, 14.75, 0, 1.25 ], "texture": "#bookshelf", "cullface": "south", "rotation": 180 },
				"west": { "uv": [ 14.75, 1.25, 16, 14.75 ], "texture": "#bookshelf", "cullface": "west" },
				"east": { "uv": [ 16, 2.375, 14.75, 13.5 ], "texture": "#bookshelf", "cullface": "south", "rotation": 180 }
			}
		},
		{
			"__comment": "MiddleEdge1",
			"from": [ 0, 7.5, 1.5 ],
			"to": [ 1.5, 8.5, 14.5 ],
			"faces": {
				"down": { "uv": [ 16, 14.5, 14.5, 1.5 ], "texture": "#planks" },
				"up": { "uv": [ 0, 1.5, 1.5, 14.5 ], "texture": "#planks" },
				"west": { "uv": [ 1.5, 7.5, 14.5, 8.5 ], "texture": "#bookshelf", "cullface": "west" }
			}
		},
		{
			"__comment": "MiddleEdge2",
			"from": [ 14.5, 7.5, 1.5 ],
			"to": [ 16, 8.5, 14.5 ],
			"faces": {
				"down": { "uv": [ 1.5, 14.5, 0, 1.5 ], "texture": "#planks" },
				"up": { "uv": [ 14.5, 1.5, 16, 14.5 ], "texture": "#planks" },
				"east": { "uv": [ 1.5, 7.5, 14.5, 8.5 ], "texture": "#bookshelf", "cullface": "east" }
			}
		},
		{
			"__comment": "Diagonal1",
			"from": [ 0.85, 1.5, 0.5 ],
			"to": [ 8.85, 14.5, 1 ],
			"rotation": { "origin": [ 0.85, 1.5, 0.5 ], "axis": "y", "angle": -45 },
			"faces": {
				"north": { "uv": [ 3, 2, 6.5, 4 ], "texture": "#bookshelf", "cullface": "north" },
				"south": { "uv": [ 1.5, 2, 6, 4 ], "texture": "#bookshelf", "cullface": "west" }
			}
		},
		{
			"__comment": "Diagonal2",
			"from": [ 9.849999, 1.5, 9.5 ],
			"to": [ 17.85, 14.5, 10 ],
			"rotation": { "origin": [ 9.85, 1.5, 9.5 ], "axis": "y", "angle": -45 },
			"faces": {
				"north": { "uv": [ 2, 2, 6, 4 ], "texture": "#bookshelf", "cullface": "east" },
				"south": { "uv": [ 6.5, 2, 2.5, 4 ], "texture": "#bookshelf", "cullface": "south" }
			}
		},
		{
			"__comment": "Diagonal3",
			"from": [ 9.5, 1.5, 6.135 ],
			"to": [ 17.5, 14.5, 6.635 ],
			"rotation": { "origin": [ 9.5, 1.5, 6.135 ], "axis": "y", "angle": 45 },
			"faces": {
				"north": { "uv": [ 1.5, 2, 6, 4 ], "texture": "#bookshelf", "cullface": "north" },
				"south": { "uv": [ 2.5, 2, 6.5, 4 ], "texture": "#bookshelf", "cullface": "east" }
			}
		},
		{
			"__comment": "Diagonal4",
			"from": [ 0.4116, 1.5, 15.1134 ],
			"to": [ 8.4116, 14.5, 15.6134 ],
			"rotation": { "origin": [ 0.5, 1.5, 15.025 ], "axis": "y", "angle": 45 },
			"faces": {
				"north": { "uv": [ 6.5, 2, 3, 4 ], "texture": "#bookshelf", "cullface": "west" },
				"south": { "uv": [ 2, 2, 6.5, 4 ], "texture": "#bookshelf", "cullface": "south" }
			}
		}
	]
}