{
	"__comment": "Designed by Linyor with BDcraft Cubik PRO 0.95 Beta - http://bdcraft.net",
	"parent": "block/block",
	"ambientocclusion": false,
	"textures": {
		"particle": "block/bookshelf",
		"bookshelf": "block/bookshelf"
	},
	"elements": [
		{
			"__comment": "Book S 01",
			"from": [ 1.75, 8.5, 15 ],
			"to": [ 6.75, 14, 16 ],
			"rotation": { "origin": [ 1.75, 8.5, 15 ], "axis": "y", "angle": 45 },
			"faces": {
				"up": { "uv": [ 12, 2.125, 11.25, 6.5 ], "texture": "#bookshelf", "cullface": "south" },
				"north": { "uv": [ 8.625, 9.625, 9.75, 14.375 ], "texture": "#bookshelf", "cullface": "south" },
				"south": { "uv": [ 9.75, 9.625, 8.625, 14.375 ], "texture": "#bookshelf", "cullface": "south" },
				"west": { "uv": [ 8.625, 9.5, 9.75, 14.375 ], "texture": "#bookshelf", "cullface": "south" },
				"east": { "uv": [ 12.125, 2, 11.125, 6.875 ], "texture": "#bookshelf", "cullface": "south" }
			}
		},
		{
			"__comment": "Book S 02",
			"from": [ 3.75, 8.5, 14.875 ],
			"to": [ 9.125, 14, 16.375 ],
			"rotation": { "origin": [ 3.75, 8.5, 14.875 ], "axis": "y", "angle": 45 },
			"faces": {
				"up": { "uv": [ 12, 2.125, 11.25, 6.5 ], "texture": "#bookshelf", "cullface": "south" },
				"north": { "uv": [ 13.5, 1.875, 12.5, 6.75 ], "texture": "#bookshelf", "cullface": "south" },
				"south": { "uv": [ 13.5, 1.875, 12.5, 6.75 ], "texture": "#bookshelf", "cullface": "south" },
				"west": { "uv": [ 12.5, 2, 13.5, 6.75 ], "texture": "#bookshelf", "cullface": "south" },
				"east": { "uv": [ 11.125, 2, 12.125, 6.875 ], "texture": "#bookshelf", "cullface": "south" }
			}
		},
		{
			"__comment": "Book S 03",
			"from": [ 6.375, 8.5, 14.875 ],
			"to": [ 10.875, 13.5, 15.875 ],
			"rotation": { "origin": [ 6.375, 8.5, 14.875 ], "axis": "y", "angle": 45 },
			"faces": {
				"up": { "uv": [ 12, 2.125, 11.25, 6.5 ], "texture": "#bookshelf", "cullface": "south" },
				"north": { "uv": [ 10.875, 2.125, 10.25, 6.625 ], "texture": "#bookshelf", "cullface": "south" },
				"south": { "uv": [ 3.75, 10, 7.25, 14.5 ], "texture": "#bookshelf", "cullface": "south" },
				"west": { "uv": [ 10.25, 2.25, 10.875, 6.875 ], "texture": "#bookshelf", "cullface": "south" }
			}
		},
		{
			"__comment": "Book S 04",
			"from": [ 11.125, 8.5, 11.875 ],
			"to": [ 15.25, 14, 13.5 ],
			"rotation": { "origin": [ 11.125, 8.5, 11.875 ], "axis": "y", "angle": -45 },
			"faces": {
				"up": { "uv": [ 11.125, 6.75, 12.125, 2.125 ], "texture": "#bookshelf", "cullface": "south" },
				"north": { "uv": [ 11.5, 9.75, 10.875, 14.125 ], "texture": "#bookshelf", "cullface": "south" },
				"south": { "uv": [ 11.5, 9.75, 10.875, 14.125 ], "texture": "#bookshelf", "cullface": "south" },
				"west": { "uv": [ 11.125, 2.125, 12.125, 6.875 ], "texture": "#bookshelf", "cullface": "south" },
				"east": { "uv": [ 10.875, 9.5, 11.375, 14.5 ], "texture": "#bookshelf", "cullface": "south" }
			}
		},
		{
			"__comment": "Book S 05",
			"from": [ 4.5, 1.5, 12 ],
			"to": [ 11, 2.5, 15.5 ],
			"faces": {
				"up": { "uv": [ 9.75, 14.5, 8.625, 9.25 ], "texture": "#bookshelf", "cullface": "south" },
				"south": { "uv": [ 9.75, 14.375, 8.625, 9.25 ], "texture": "#bookshelf", "cullface": "south" },
				"west": { "uv": [ 11.125, 2, 12.125, 6.875 ], "texture": "#bookshelf", "cullface": "south" },
				"east": { "uv": [ 12.125, 6.875, 11.125, 2 ], "texture": "#bookshelf", "cullface": "south" }
			}
		},
		{
			"__comment": "Book S 06",
			"from": [ 6, 2.5, 10.4688 ],
			"to": [ 12, 3.5, 13.9688 ],
			"rotation": { "origin": [ 6, 2.5, 10.46875 ], "axis": "y", "angle": -22.5 },
			"faces": {
				"down": { "uv": [ 3.875, 14.5, 7.375, 12.375 ], "texture": "#bookshelf", "cullface": "south" },
				"south": { "uv": [ 14.625, 14.375, 14, 9.125 ], "texture": "#bookshelf", "cullface": "south", "rotation": 90 },
				"west": { "uv": [ 11.125, 2, 12.125, 6.875 ], "texture": "#bookshelf", "cullface": "south" },
				"east": { "uv": [ 12.125, 6.875, 11.125, 2 ], "texture": "#bookshelf", "cullface": "south" }
			}
		},
		{
			"__comment": "Book S 07",
			"from": [ 4.4688, 3.5, 12 ],
			"to": [ 11.5938, 4.5, 16 ],
			"faces": {
				"down": { "uv": [ 9.625, 6.75, 8.75, 2.125 ], "texture": "#bookshelf", "cullface": "south", "rotation": 90 },
				"up": { "uv": [ 9.625, 6.75, 8.75, 2.125 ], "texture": "#bookshelf", "cullface": "south", "rotation": 270 },
				"south": { "uv": [ 9.75, 6.75, 8.75, 2.125 ], "texture": "#bookshelf", "cullface": "south" },
				"west": { "uv": [ 11.125, 2, 12.125, 6.875 ], "texture": "#bookshelf", "cullface": "south" },
				"east": { "uv": [ 12.125, 6.875, 11.125, 2 ], "texture": "#bookshelf", "cullface": "south" }
			}
		},
		{
			"__comment": "Book S 08",
			"from": [ 5.5, 4.5, 13.5 ],
			"to": [ 9, 5, 16 ],
			"rotation": { "origin": [ 5.5, 4.5, 13.5 ], "axis": "y", "angle": 45 },
			"faces": {
				"up": { "uv": [ 9.75, 14.5, 8.625, 9.25 ], "texture": "#bookshelf", "cullface": "south" },
				"north": { "uv": [ 12, 6.875, 11.125, 2 ], "texture": "#bookshelf", "cullface": "south" },
				"south": { "uv": [ 9.75, 14.375, 8.625, 9.25 ], "texture": "#bookshelf", "cullface": "south" },
				"west": { "uv": [ 11.125, 2, 12.125, 6.875 ], "texture": "#bookshelf", "cullface": "south" },
				"east": { "uv": [ 12.125, 6.875, 11.125, 2 ], "texture": "#bookshelf", "cullface": "south" }
			}
		},
		{
			"__comment": "Book E 01",
			"from": [ 12, 8.5, 5.5 ],
			"to": [ 16, 14, 7 ],
			"rotation": { "origin": [ 12, 8.5, 5.5 ], "axis": "y", "angle": 45 },
			"faces": {
				"up": { "uv": [ 11.125, 2.125, 12.125, 6.875 ], "texture": "#bookshelf", "cullface": "east" },
				"north": { "uv": [ 8.625, 2.125, 9.875, 6.875 ], "texture": "#bookshelf", "cullface": "east" },
				"south": { "uv": [ 8.625, 2.125, 9.875, 6.875 ], "texture": "#bookshelf", "cullface": "east" },
				"east": { "uv": [ 9.875, 6.75, 8.75, 2 ], "texture": "#bookshelf", "cullface": "east" }
			}
		},
		{
			"__comment": "Book E 02",
			"from": [ 11.5, 8.5, 8.375 ],
			"to": [ 15.75, 13.5, 9.5 ],
			"rotation": { "origin": [ 11.5, 8.5, 8.375 ], "axis": "y", "angle": 45 },
			"faces": {
				"up": { "uv": [ 11.125, 2.125, 12.125, 6.875 ], "texture": "#bookshelf", "cullface": "east" },
				"north": { "uv": [ 6.875, 2, 8.125, 6.75 ], "texture": "#bookshelf", "cullface": "east" },
				"south": { "uv": [ 6.875, 2, 8.125, 6.75 ], "texture": "#bookshelf", "cullface": "east" },
				"east": { "uv": [ 8, 2, 6.875, 6.75 ], "texture": "#bookshelf", "cullface": "east" }
			}
		},
		{
			"__comment": "Book E 03",
			"from": [ 11.625, 8.5, 10.125 ],
			"to": [ 16.375, 14.375, 11 ],
			"rotation": { "origin": [ 11.625, 8.5, 10.125 ], "axis": "y", "angle": 45 },
			"faces": {
				"up": { "uv": [ 11.125, 2.125, 12.125, 6.875 ], "texture": "#bookshelf", "cullface": "east" },
				"north": { "uv": [ 10.125, 2.125, 10.875, 6.875 ], "texture": "#bookshelf", "cullface": "east" },
				"south": { "uv": [ 7.25, 11.875, 3.75, 14.375 ], "texture": "#bookshelf", "cullface": "east" },
				"east": { "uv": [ 10.875, 2, 10.25, 6.875 ], "texture": "#bookshelf", "cullface": "east" }
			}
		},
		{
			"__comment": "Book E 04",
			"from": [ 13.375, 8.5, 10.5 ],
			"to": [ 16.75, 14, 11.75 ],
			"rotation": { "origin": [ 13.375, 8.5, 10.5 ], "axis": "y", "angle": -45 },
			"faces": {
				"up": { "uv": [ 11.125, 2.125, 12.125, 6.875 ], "texture": "#bookshelf", "cullface": "east" },
				"north": { "uv": [ 9.625, 9.5, 8.625, 14.125 ], "texture": "#bookshelf", "cullface": "east" },
				"south": { "uv": [ 8.625, 9.5, 9.625, 14.125 ], "texture": "#bookshelf", "cullface": "east" },
				"west": { "uv": [ 11.125, 2.375, 12.125, 6.875 ], "texture": "#bookshelf", "cullface": "east" },
				"east": { "uv": [ 9.625, 9.625, 8.625, 14.375 ], "texture": "#bookshelf", "cullface": "east" }
			}
		},
		{
			"__comment": "Book E 05",
			"from": [ 12, 1.5, 4.5 ],
			"to": [ 16, 6.5, 6 ],
			"rotation": { "origin": [ 12, 1.5, 4.5 ], "axis": "y", "angle": 45 },
			"faces": {
				"up": { "uv": [ 11.125, 2.125, 12.125, 6.875 ], "texture": "#bookshelf", "cullface": "east" },
				"north": { "uv": [ 10.75, 9.25, 11.5, 14.375 ], "texture": "#bookshelf", "cullface": "east" },
				"south": { "uv": [ 10.75, 9.25, 11.5, 14.375 ], "texture": "#bookshelf", "cullface": "east" },
				"east": { "uv": [ 11.5, 9.625, 10.875, 14.25 ], "texture": "#bookshelf", "cullface": "east" }
			}
		},
		{
			"__comment": "Book E 06",
			"from": [ 12, 1.5, 7.5 ],
			"to": [ 16.25, 7, 8.625 ],
			"rotation": { "origin": [ 12, 1.5, 7.5 ], "axis": "y", "angle": 45 },
			"faces": {
				"up": { "uv": [ 11.125, 2.125, 12.125, 6.875 ], "texture": "#bookshelf", "cullface": "east" },
				"north": { "uv": [ 3.625, 7.125, 1.625, 5.625 ], "texture": "#bookshelf", "cullface": "east" },
				"south": { "uv": [ 3.625, 7.125, 1.625, 5.625 ], "texture": "#bookshelf", "cullface": "east" },
				"west": { "uv": [ 11.125, 2.375, 12.125, 6.875 ], "texture": "#bookshelf", "cullface": "east" },
				"east": { "uv": [ 3.625, 5.75, 1.875, 6.875 ], "texture": "#bookshelf", "cullface": "east" }
			}
		},
		{
			"__comment": "Book E 07",
			"from": [ 11.875, 1.5, 8.125 ],
			"to": [ 16.125, 6.5, 9.125 ],
			"rotation": { "origin": [ 11.875, 1.5, 8.125 ], "axis": "y", "angle": -22.5 },
			"faces": {
				"up": { "uv": [ 11.125, 2.125, 12.125, 6.875 ], "texture": "#bookshelf", "cullface": "east" },
				"north": { "uv": [ 3.875, 9.875, 7.5, 14.375 ], "texture": "#bookshelf", "cullface": "east" },
				"south": { "uv": [ 7.25, 11.875, 3.75, 14.375 ], "texture": "#bookshelf", "cullface": "east" },
				"east": { "uv": [ 10.875, 2, 10.25, 6.875 ], "texture": "#bookshelf", "cullface": "east" }
			}
		},
		{
			"__comment": "Book E 08",
			"from": [ 13.5, 1.5, 10 ],
			"to": [ 16.875, 7, 11.25 ],
			"rotation": { "origin": [ 13.5, 1.5, 10 ], "axis": "y", "angle": -45 },
			"faces": {
				"up": { "uv": [ 11.125, 2.125, 12.125, 6.875 ], "texture": "#bookshelf", "cullface": "east" },
				"north": { "uv": [ 10.625, 9.5, 10, 14.25 ], "texture": "#bookshelf", "cullface": "east" },
				"south": { "uv": [ 10.625, 9.5, 10, 14.25 ], "texture": "#bookshelf", "cullface": "east" },
				"west": { "uv": [ 11.125, 2.375, 12.125, 6.875 ], "texture": "#bookshelf", "cullface": "east" },
				"east": { "uv": [ 9.75, 2.25, 8.75, 6.75 ], "texture": "#bookshelf", "cullface": "east" }
			}
		},
		{
			"__comment": "Book N 01",
			"from": [ 4.75, 1.5, 0.5 ],
			"to": [ 11.25, 2.5, 4 ],
			"faces": {
				"up": { "uv": [ 8.625, 14.5, 9.75, 9.25 ], "texture": "#bookshelf", "cullface": "north" },
				"north": { "uv": [ 9.75, 9.25, 8.625, 14.375 ], "texture": "#bookshelf", "cullface": "north" },
				"west": { "uv": [ 12.125, 2, 11.125, 6.875 ], "texture": "#bookshelf", "cullface": "north" },
				"east": { "uv": [ 11.125, 6.875, 12.125, 2 ], "texture": "#bookshelf", "cullface": "north" }
			}
		},
		{
			"__comment": "Book N 02",
			"from": [ 5.875, 2.5, 0.125 ],
			"to": [ 11.875, 3.5, 3.625 ],
			"rotation": { "origin": [ 5.875, 2.5, 0.125 ], "axis": "y", "angle": -22.5 },
			"faces": {
				"down": { "uv": [ 7.375, 14.5, 3.875, 12.375 ], "texture": "#bookshelf", "cullface": "north" },
				"north": { "uv": [ 13.75, 14.125, 14.5, 9.625 ], "texture": "#bookshelf", "cullface": "north", "rotation": 90 },
				"west": { "uv": [ 12.125, 2, 11.125, 6.875 ], "texture": "#bookshelf", "cullface": "north" },
				"east": { "uv": [ 12.125, 6.875, 11.125, 2 ], "texture": "#bookshelf", "cullface": "north" }
			}
		},
		{
			"__comment": "Book N 03",
			"from": [ 4.5, 3.5, 0 ],
			"to": [ 11.625, 4.5, 4 ],
			"faces": {
				"down": { "uv": [ 8.75, 6.75, 9.625, 2.125 ], "texture": "#bookshelf", "cullface": "north", "rotation": 90 },
				"up": { "uv": [ 8.75, 6.75, 9.625, 2.125 ], "texture": "#bookshelf", "cullface": "north", "rotation": 270 },
				"north": { "uv": [ 9.75, 6.75, 8.75, 2.125 ], "texture": "#bookshelf", "cullface": "north" },
				"west": { "uv": [ 12.125, 2, 11.125, 6.875 ], "texture": "#bookshelf", "cullface": "north" },
				"east": { "uv": [ 11.125, 6.875, 12.125, 2 ], "texture": "#bookshelf", "cullface": "north" }
			}
		},
		{
			"__comment": "Book N 04",
			"from": [ 5.75, 4.5, 2.625 ],
			"to": [ 9.25, 5, 5.125 ],
			"rotation": { "origin": [ 5.75, 4.5, 2.625 ], "axis": "y", "angle": 45 },
			"faces": {
				"up": { "uv": [ 11.375, 9.625, 10.875, 14.375 ], "texture": "#bookshelf", "cullface": "north", "rotation": 90 },
				"north": { "uv": [ 11.625, 5.875, 11.25, 4 ], "texture": "#bookshelf", "cullface": "north" },
				"south": { "uv": [ 11.5, 14.125, 10.875, 9.75 ], "texture": "#bookshelf", "cullface": "north" },
				"west": { "uv": [ 11.125, 2, 12.125, 6.875 ], "texture": "#bookshelf", "cullface": "north" },
				"east": { "uv": [ 12.125, 2, 11.125, 6.875 ], "texture": "#bookshelf", "cullface": "north" }
			}
		},
		{
			"__comment": "Book N 05",
			"from": [ 9.875, 8.5, 4 ],
			"to": [ 14.875, 14, 5 ],
			"rotation": { "origin": [ 9.875, 8.5, 4 ], "axis": "y", "angle": 45 },
			"faces": {
				"up": { "uv": [ 11.25, 2.125, 12, 6.5 ], "texture": "#bookshelf", "cullface": "north" },
				"north": { "uv": [ 9.75, 9.625, 8.625, 14.375 ], "texture": "#bookshelf", "cullface": "north" },
				"south": { "uv": [ 8.625, 9.625, 9.75, 14.375 ], "texture": "#bookshelf", "cullface": "north" },
				"west": { "uv": [ 12.125, 2, 11.125, 6.875 ], "texture": "#bookshelf", "cullface": "north" },
				"east": { "uv": [ 8.625, 9.5, 9.75, 14.375 ], "texture": "#bookshelf", "cullface": "north" }
			}
		},
		{
			"__comment": "Book N 06",
			"from": [ 7.375, 8.5, 4 ],
			"to": [ 12.75, 14, 5.5 ],
			"rotation": { "origin": [ 7.375, 8.5, 4 ], "axis": "y", "angle": 45 },
			"faces": {
				"up": { "uv": [ 11.25, 2.125, 12, 6.5 ], "texture": "#bookshelf", "cullface": "north" },
				"north": { "uv": [ 13.5, 1.875, 12.5, 6.75 ], "texture": "#bookshelf", "cullface": "north" },
				"south": { "uv": [ 13.5, 1.875, 12.5, 6.75 ], "texture": "#bookshelf", "cullface": "north" },
				"west": { "uv": [ 11.125, 2, 12.125, 6.875 ], "texture": "#bookshelf", "cullface": "north" },
				"east": { "uv": [ 12.5, 2, 13.5, 6.75 ], "texture": "#bookshelf", "cullface": "north" }
			}
		},
		{
			"__comment": "Book N 07",
			"from": [ 6.25, 8.5, 3.375 ],
			"to": [ 10.75, 13.5, 4.375 ],
			"rotation": { "origin": [ 6.25, 8.5, 3.375 ], "axis": "y", "angle": 45 },
			"faces": {
				"up": { "uv": [ 11.25, 2.125, 12, 6.5 ], "texture": "#bookshelf", "cullface": "north" },
				"north": { "uv": [ 3.75, 10, 7.25, 14.5 ], "texture": "#bookshelf", "cullface": "north" },
				"south": { "uv": [ 10.875, 2.125, 10.25, 6.625 ], "texture": "#bookshelf", "cullface": "north" },
				"east": { "uv": [ 10.25, 2.25, 10.875, 6.875 ], "texture": "#bookshelf", "cullface": "north" }
			}
		},
		{
			"__comment": "Book N 08",
			"from": [ 3.375, 8.5, 0 ],
			"to": [ 7.5, 14, 1.625 ],
			"rotation": { "origin": [ 3.375, 8.5, 0 ], "axis": "y", "angle": -45 },
			"faces": {
				"up": { "uv": [ 12.125, 6.75, 11.125, 2.125 ], "texture": "#bookshelf", "cullface": "north" },
				"north": { "uv": [ 6.875, 1.875, 8.125, 6.75 ], "texture": "#bookshelf", "cullface": "north" },
				"south": { "uv": [ 6.875, 1.875, 8.125, 6.75 ], "texture": "#bookshelf", "cullface": "north" },
				"west": { "uv": [ 7, 2.125, 8, 6.375 ], "texture": "#bookshelf", "cullface": "north" },
				"east": { "uv": [ 11.125, 2.125, 12.125, 6.875 ], "texture": "#bookshelf", "cullface": "north" }
			}
		},
		{
			"__comment": "Book W 01",
			"from": [ 0.25, 8.5, 12.625 ],
			"to": [ 4.25, 14, 14.125 ],
			"rotation": { "origin": [ 0.25, 8.5, 12.625 ], "axis": "y", "angle": 45 },
			"faces": {
				"up": { "uv": [ 12.125, 2.125, 11.125, 6.875 ], "texture": "#bookshelf", "cullface": "west" },
				"north": { "uv": [ 8.625, 2.125, 9.875, 6.875 ], "texture": "#bookshelf", "cullface": "west" },
				"south": { "uv": [ 8.625, 2.125, 9.875, 6.875 ], "texture": "#bookshelf", "cullface": "west" },
				"west": { "uv": [ 9.875, 6.75, 8.75, 2 ], "texture": "#bookshelf", "cullface": "west" }
			}
		},
		{
			"__comment": "Book W 02",
			"from": [ 0.375, 8.5, 10.5 ],
			"to": [ 4.625, 13.5, 11.625 ],
			"rotation": { "origin": [ 0.375, 8.5, 10.5 ], "axis": "y", "angle": 45 },
			"faces": {
				"up": { "uv": [ 12.125, 2.125, 11.125, 6.875 ], "texture": "#bookshelf", "cullface": "west" },
				"north": { "uv": [ 6.875, 2, 8.125, 6.75 ], "texture": "#bookshelf", "cullface": "west" },
				"south": { "uv": [ 6.875, 2, 8.125, 6.75 ], "texture": "#bookshelf", "cullface": "west" },
				"west": { "uv": [ 8, 2, 6.875, 6.75 ], "texture": "#bookshelf", "cullface": "west" }
			}
		},
		{
			"__comment": "Book W 03",
			"from": [ 0.25, 8.5, 7.375 ],
			"to": [ 4.625, 14.375, 8.25 ],
			"rotation": { "origin": [ 0.25, 8.5, 7.375 ], "axis": "y", "angle": 22.5 },
			"faces": {
				"up": { "uv": [ 12.125, 2.125, 11.125, 6.875 ], "texture": "#bookshelf", "cullface": "west" },
				"north": { "uv": [ 10.125, 2.125, 10.875, 6.875 ], "texture": "#bookshelf", "cullface": "west" },
				"south": { "uv": [ 7.375, 10, 3.875, 14.375 ], "texture": "#bookshelf", "cullface": "west" },
				"west": { "uv": [ 10.875, 2, 10.25, 6.875 ], "texture": "#bookshelf", "cullface": "west" }
			}
		},
		{
			"__comment": "Book W 04",
			"from": [ 1.125, 8.5, 2.375 ],
			"to": [ 4.5, 14, 3.625 ],
			"rotation": { "origin": [ 1.125, 8.5, 2.375 ], "axis": "y", "angle": -45 },
			"faces": {
				"up": { "uv": [ 12.125, 6.875, 11.125, 2.125 ], "texture": "#bookshelf", "cullface": "west" },
				"north": { "uv": [ 9.625, 9.5, 8.625, 14.125 ], "texture": "#bookshelf", "cullface": "west" },
				"south": { "uv": [ 9.625, 9.5, 8.625, 14.125 ], "texture": "#bookshelf", "cullface": "west" },
				"west": { "uv": [ 9.625, 9.625, 8.625, 14.375 ], "texture": "#bookshelf", "cullface": "west" },
				"east": { "uv": [ 11.125, 2.375, 12.125, 6.875 ], "texture": "#bookshelf", "cullface": "west" }
			}
		},
		{
			"__comment": "Book W 05",
			"from": [ 0.25, 1.5, 12.625 ],
			"to": [ 4.25, 6.5, 14.125 ],
			"rotation": { "origin": [ 0.25, 1.5, 12.625 ], "axis": "y", "angle": 45 },
			"faces": {
				"up": { "uv": [ 12.125, 2.125, 11.125, 6.875 ], "texture": "#bookshelf", "cullface": "west" },
				"north": { "uv": [ 10.75, 9.25, 11.5, 14.375 ], "texture": "#bookshelf", "cullface": "west" },
				"south": { "uv": [ 10.75, 9.25, 11.5, 14.375 ], "texture": "#bookshelf", "cullface": "west" },
				"west": { "uv": [ 11.5, 9.625, 10.875, 14.25 ], "texture": "#bookshelf", "cullface": "west" }
			}
		},
		{
			"__comment": "Book W 06",
			"from": [ 0.25, 1.5, 10.25 ],
			"to": [ 4.5, 7, 11.375 ],
			"rotation": { "origin": [ 0.25, 1.5, 10.25 ], "axis": "y", "angle": 45 },
			"faces": {
				"up": { "uv": [ 12.125, 2.125, 11.125, 6.875 ], "texture": "#bookshelf", "cullface": "west" },
				"north": { "uv": [ 3.625, 7.125, 1.625, 5.625 ], "texture": "#bookshelf", "cullface": "west" },
				"south": { "uv": [ 3.625, 7.125, 1.625, 5.625 ], "texture": "#bookshelf", "cullface": "west" },
				"west": { "uv": [ 3.625, 5.75, 1.875, 6.875 ], "texture": "#bookshelf", "cullface": "west" },
				"east": { "uv": [ 11.125, 2.375, 12.125, 6.875 ], "texture": "#bookshelf", "cullface": "west" }
			}
		},
		{
			"__comment": "Book W 07",
			"from": [ 0.75, 1.5, 4.875 ],
			"to": [ 5, 6.5, 5.875 ],
			"rotation": { "origin": [ 0.75, 1.5, 4.875 ], "axis": "y", "angle": -22.5 },
			"faces": {
				"up": { "uv": [ 12.125, 2.125, 11.125, 6.875 ], "texture": "#bookshelf", "cullface": "west" },
				"north": { "uv": [ 7.25, 11.875, 3.75, 14.375 ], "texture": "#bookshelf", "cullface": "west" },
				"south": { "uv": [ 3.875, 9.875, 7.5, 14.375 ], "texture": "#bookshelf", "cullface": "west" },
				"west": { "uv": [ 10.875, 2, 10.25, 6.875 ], "texture": "#bookshelf", "cullface": "west" }
			}
		},
		{
			"__comment": "Book W 08",
			"from": [ 1, 1.5, 1.875 ],
			"to": [ 4.375, 7, 3.125 ],
			"rotation": { "origin": [ 1, 1.5, 1.875 ], "axis": "y", "angle": -45 },
			"faces": {
				"up": { "uv": [ 12.125, 2.125, 11.125, 6.875 ], "texture": "#bookshelf", "cullface": "west" },
				"north": { "uv": [ 10.625, 9.5, 10, 14.25 ], "texture": "#bookshelf", "cullface": "west" },
				"south": { "uv": [ 10.625, 9.5, 10, 14.25 ], "texture": "#bookshelf", "cullface": "west" },
				"west": { "uv": [ 9.75, 2.25, 8.75, 6.75 ], "texture": "#bookshelf", "cullface": "west" },
				"east": { "uv": [ 11.125, 2.375, 12.125, 6.875 ], "texture": "#bookshelf", "cullface": "west" }
			}
		}
	]
}