{
"textures": {
    "particle": "block/brewing_stand",
    "stand": "block/brewing_stand",
    "base": "block/brewing_stand_base"
},
"elements": [ 
{
    "from": [ 7, 0, 7 ],
    "to": [ 9, 14, 9 ],
    "faces": {
        "down":  { "uv": [ 7, 7, 9, 9 ], "texture": "#stand" },
        "up":    { "uv": [ 7, 7, 9, 9 ], "texture": "#stand" },
        "north": { "uv": [ 7, 2, 9, 16 ], "texture": "#stand" },
        "south": { "uv": [ 7, 2, 9, 16 ], "texture": "#stand" },
        "west":  { "uv": [ 7, 2, 9, 16 ], "texture": "#stand" },
        "east":  { "uv": [ 7, 2, 9, 16 ], "texture": "#stand" }
    }
},
{
    "from": [ 9, 0, 5 ],
    "to": [ 15, 2, 11 ],
    "faces": {
        "down":  { "uv": [ 9, 5, 15, 11 ], "texture": "#base" },
        "up":    { "uv": [ 9, 5, 15, 11 ], "texture": "#base" },
        "north": { "uv": [ 9, 14, 15, 16 ], "texture": "#base" },
        "south": { "uv": [ 9, 14, 15, 16 ], "texture": "#base" },
        "west":  { "uv": [ 9, 14, 15, 16 ], "texture": "#base" },
        "east":  { "uv": [ 9, 14, 15, 16 ], "texture": "#base" }
    }
},
{
    "from": [ 2, 0, 1 ],
    "to": [ 8, 2, 7 ],
    "faces": {
        "down":  { "uv": [ 2, 1, 8, 7 ], "texture": "#base" },
        "up":    { "uv": [ 2, 1, 8, 7 ], "texture": "#base" },
        "north": { "uv": [ 9, 14, 15, 16 ], "texture": "#base" },
        "south": { "uv": [ 9, 14, 15, 16 ], "texture": "#base" },
        "west":  { "uv": [ 9, 14, 15, 16 ], "texture": "#base" },
        "east":  { "uv": [ 9, 14, 15, 16 ], "texture": "#base" }
    }
},
{
    "from": [ 2, 0, 9 ],
    "to": [ 8, 2, 15 ],
    "faces": {
        "down":  { "uv": [ 2, 9, 8, 15 ], "texture": "#base" },
        "up":    { "uv": [ 2, 9, 8, 15 ], "texture": "#base" },
        "north": { "uv": [ 9, 14, 15, 16 ], "texture": "#base" },
        "south": { "uv": [ 9, 14, 15, 16 ], "texture": "#base" },
        "west":  { "uv": [ 9, 14, 15, 16 ], "texture": "#base" },
        "east":  { "uv": [ 9, 14, 15, 16 ], "texture": "#base" }
    }
}
]
}