{
"__comment": "Designed by Sphax with BDcraft Cubik PRO 0.90 Beta - http://bdcraft.net",
"ambientocclusion": false,
"parent": "block/block",
"textures": {
    "particle": "block/cactus_side",
    "side": "block/cactus_side",
    "up": "block/3d/cactus_top",
    "down": "block/3d/cactus_bottom",
    "alpha": "block/3d/cactus_alpha"
},
"elements": [ 
{
    "from": [ 0, 0, 8 ],
    "to": [ 3, 16, 14.135 ],
    "rotation": { "origin": [ 0, 0, 8 ], "axis": "y", "angle": 22.5 },
    "faces": {
        "down":  { "uv": [ 1, 5.5, 1.75, 6.25 ], "texture": "#down", "cullface": "down" },
        "up":    { "uv": [ 1, 5.5, 1.75, 6.25 ], "texture": "#up", "cullface": "up" },
        "north": { "uv": [ 5, 2, 5.75, 2.75 ], "texture": "#side" },
        "south": { "uv": [ 5, 2, 5.75, 2.75 ], "texture": "#side" },
        "west":  { "uv": [ 5, 0, 11, 16 ], "texture": "#side" }
    }
},
{
    "from": [ 2.3125, 0, 2.3125 ],
    "to": [ 5.3125, 16, 8.4475 ],
    "rotation": { "origin": [ 2.3125, 0, 2.3125 ], "axis": "y", "angle": -22.5 },
    "faces": {
        "down":  { "uv": [ 1, 5.5, 1.75, 6.25 ], "texture": "#down", "cullface": "down" },
        "up":    { "uv": [ 1, 5.5, 1.75, 6.25 ], "texture": "#up", "cullface": "up" },
        "north": { "uv": [ 5, 2, 5.75, 2.75 ], "texture": "#side" },
        "south": { "uv": [ 5, 2, 5.75, 2.75 ], "texture": "#side" },
        "west":  { "uv": [ 1.75, 0, 9.75, 16 ], "texture": "#side" }
    }
},
{
    "from": [ 2.375, 0, 2.3125 ],
    "to": [ 8.511, 16, 5.3125 ],
    "rotation": { "origin": [ 2.375, 0, 2.3125 ], "axis": "y", "angle": 22.5 },
    "faces": {
        "down":  { "uv": [ 1, 5.5, 1.75, 6.25 ], "texture": "#down", "cullface": "down" },
        "up":    { "uv": [ 1, 5.5, 1.75, 6.25 ], "texture": "#up", "cullface": "up" },
        "north": { "uv": [ 5, 0, 11, 16 ], "texture": "#side" },
        "west":  { "uv": [ 5, 2, 5.75, 2.75 ], "texture": "#side" },
        "east":  { "uv": [ 5, 2, 5.75, 2.75 ], "texture": "#side" }
    }
},
{
    "from": [ 8, 0, 0 ],
    "to": [ 14.136, 16, 3 ],
    "rotation": { "origin": [ 8, 0, 0 ], "axis": "y", "angle": -22.5 },
    "faces": {
        "down":  { "uv": [ 1, 5.5, 1.75, 6.25 ], "texture": "#down", "cullface": "down" },
        "up":    { "uv": [ 1, 5.5, 1.75, 6.25 ], "texture": "#up", "cullface": "up" },
        "north": { "uv": [ 1.75, 0, 9.75, 16 ], "texture": "#side" },
        "west":  { "uv": [ 5, 2, 5.75, 2.75 ], "texture": "#side" },
        "east":  { "uv": [ 5, 2, 5.75, 2.75 ], "texture": "#side" }
    }
},
{
    "from": [ 11, 0, 3.5 ],
    "to": [ 14, 16, 9.635 ],
    "rotation": { "origin": [ 11, 0, 3.5 ], "axis": "y", "angle": 22.5 },
    "faces": {
        "down":  { "uv": [ 1, 5.5, 1.75, 6.25 ], "texture": "#down", "cullface": "down" },
        "up":    { "uv": [ 1, 5.5, 1.75, 6.25 ], "texture": "#up", "cullface": "up" },
        "north": { "uv": [ 5, 2, 5.75, 2.75 ], "texture": "#side" },
        "south": { "uv": [ 5, 2, 5.75, 2.75 ], "texture": "#side" },
        "east":  { "uv": [ 5, 0, 11, 16 ], "texture": "#side" }
    }
},
{
    "from": [ 13.3125, 0, 6.875 ],
    "to": [ 16.3125, 16, 13.01 ],
    "rotation": { "origin": [ 13.3125, 0, 6.875 ], "axis": "y", "angle": -22.5 },
    "faces": {
        "down":  { "uv": [ 1, 5.5, 1.75, 6.25 ], "texture": "#down", "cullface": "down" },
        "up":    { "uv": [ 1, 5.5, 1.75, 6.25 ], "texture": "#up", "cullface": "up" },
        "north": { "uv": [ 5, 2, 5.75, 2.75 ], "texture": "#side" },
        "south": { "uv": [ 5, 2, 5.75, 2.75 ], "texture": "#side" },
        "east":  { "uv": [ 1.75, 0, 9.75, 16 ], "texture": "#side" }
    }
},
{
    "from": [ 3.5, 0, 10.9375 ],
    "to": [ 9.636, 16, 13.9375 ],
    "rotation": { "origin": [ 3.5, 0, 10.9375 ], "axis": "y", "angle": -22.5 },
    "faces": {
        "down":  { "uv": [ 1, 5.5, 1.75, 6.25 ], "texture": "#down", "cullface": "down" },
        "up":    { "uv": [ 1, 5.5, 1.75, 6.25 ], "texture": "#up", "cullface": "up" },
        "south": { "uv": [ 1.75, 0, 9.75, 16 ], "texture": "#side" },
        "west":  { "uv": [ 5, 2, 5.75, 2.75 ], "texture": "#side" },
        "east":  { "uv": [ 5, 2, 5.75, 2.75 ], "texture": "#side" }
    }
},
{
    "from": [ 6.8125, 0, 13.25 ],
    "to": [ 12.9485, 16, 16.25 ],
    "rotation": { "origin": [ 6.8125, 0, 13.25 ], "axis": "y", "angle": 22.5 },
    "faces": {
        "down":  { "uv": [ 1, 5.5, 1.75, 6.25 ], "texture": "#down", "cullface": "down" },
        "up":    { "uv": [ 1, 5.5, 1.75, 6.25 ], "texture": "#up", "cullface": "up" },
        "south": { "uv": [ 5, 0, 11, 16 ], "texture": "#side" },
        "west":  { "uv": [ 5, 0, 11, 16 ], "texture": "#side" },
        "east":  { "uv": [ 5, 0, 11, 16 ], "texture": "#side" }
    }
},
{
    "from": [ 0, -0.001, 0 ],
    "to": [ 16, 16.001, 16 ],
    "faces": {
        "down":  { "uv": [ 16, 16, 0, 0 ], "texture": "#down", "cullface": "down" },
        "up":    { "uv": [ 0, 0, 16, 16 ], "texture": "#up", "cullface": "up" }
    }
},
{
    "from": [ 7.9375, 0, 15.9375 ],
    "to": [ 8, 16, 17.4375 ],
    "faces": {
        "west":  { "uv": [ 0, 14, 16, 16 ], "rotation": 90, "texture": "#alpha" },
        "east":  { "uv": [ 0, 16, 16, 14 ], "rotation": 90, "texture": "#alpha" }
    }
},
{
    "from": [ 2.375, 0, 13.5625 ],
    "to": [ 2.4375, 16, 15.0625 ],
    "rotation": { "origin": [ 2.375, 0, 13.5625 ], "axis": "y", "angle": -45 },
    "faces": {
        "west":  { "uv": [ 0, 14, 16, 16 ], "rotation": 90, "texture": "#alpha" },
        "east":  { "uv": [ 0, 16, 16, 14 ], "rotation": 90, "texture": "#alpha" }
    }
},
{
    "from": [ 13.6875, 0, 13.5 ],
    "to": [ 13.75, 16, 15 ],
    "rotation": { "origin": [ 13.6875, 0, 13.5 ], "axis": "y", "angle": 45 },
    "faces": {
        "west":  { "uv": [ 0, 14, 16, 16 ], "rotation": 90, "texture": "#alpha" },
        "east":  { "uv": [ 0, 16, 16, 14 ], "rotation": 90, "texture": "#alpha" }
    }
},
{
    "from": [ 8, 0, -1.5 ],
    "to": [ 8.0625, 16, 0 ],
    "faces": {
        "west":  { "uv": [ 0, 16, 16, 14 ], "rotation": 90, "texture": "#alpha" },
        "east":  { "uv": [ 0, 14, 16, 16 ], "rotation": 90, "texture": "#alpha" }
    }
},
{
    "from": [ 14.6875, 0, 1.4375 ],
    "to": [ 14.75, 16, 2.9375 ],
    "rotation": { "origin": [ 14.6875, 0, 1.4375 ], "axis": "y", "angle": -45 },
    "faces": {
        "west":  { "uv": [ 0, 16, 16, 14 ], "rotation": 90, "texture": "#alpha" },
        "east":  { "uv": [ 0, 14, 16, 16 ], "rotation": 90, "texture": "#alpha" }
    }
},
{
    "from": [ 1.375, 0, 1.4375 ],
    "to": [ 1.4375, 16, 2.9375 ],
    "rotation": { "origin": [ 1.375, 0, 1.4375 ], "axis": "y", "angle": 45 },
    "faces": {
        "west":  { "uv": [ 0, 16, 16, 14 ], "rotation": 90, "texture": "#alpha" },
        "east":  { "uv": [ 0, 14, 16, 16 ], "rotation": 90, "texture": "#alpha" }
    }
},
{
    "from": [ -1.4375, 0, 8 ],
    "to": [ 0.0625, 16, 8.0625 ],
    "faces": {
        "north": { "uv": [ 0, 14, 16, 16 ], "rotation": 90, "texture": "#alpha" },
        "south": { "uv": [ 0, 16, 16, 14 ], "rotation": 90, "texture": "#alpha" }
    }
},
{
    "from": [ 15.9375, 0, 8 ],
    "to": [ 17.4375, 16, 8.0625 ],
    "faces": {
        "north": { "uv": [ 0, 16, 16, 14 ], "rotation": 90, "texture": "#alpha" },
        "south": { "uv": [ 0, 14, 16, 16 ], "rotation": 90, "texture": "#alpha" }
    }
},
{
    "from": [ 8, 15.9375, 5 ],
    "to": [ 11, 16, 11 ],
    "rotation": { "origin": [ 8, 16, 5 ], "axis": "z", "angle": 22.5 },
    "faces": {
        "down":  { "uv": [ 4, 7, 7, 1 ], "texture": "#alpha", "cullface": "up" },
        "up":    { "uv": [ 4, 1, 7, 7 ], "texture": "#alpha", "cullface": "up" }
    }
},
{
    "from": [ 5.25, 17.0625, 5 ],
    "to": [ 8.25, 17.125, 11 ],
    "rotation": { "origin": [ 5.25, 17.125, 5 ], "axis": "z", "angle": -22.5 },
    "faces": {
        "down":  { "uv": [ 1, 7, 4, 1 ], "texture": "#alpha", "cullface": "up" },
        "up":    { "uv": [ 1, 1, 4, 7 ], "texture": "#alpha", "cullface": "up" }
    }
},
{
    "from": [ 6.5, 16.1875, 6.5 ],
    "to": [ 9.5, 16.25, 9.5 ],
    "faces": {
        "down":  { "uv": [ 2.5, 13.5, 5.5, 10.5 ], "texture": "#alpha", "cullface": "up" },
        "up":    { "uv": [ 2.5, 10.5, 5.5, 13.5 ], "texture": "#alpha", "cullface": "up" }
    }
},
{
    "from": [ 4.25, 17.875, 4.5625 ],
    "to": [ 11.75, 17.9375, 8.3125 ],
    "rotation": { "origin": [ 4.25, 17.9375, 4.5625 ], "axis": "x", "angle": 22.5 },
    "faces": {
        "down":  { "uv": [ 8.25, 4, 15.75, 0.25 ], "texture": "#alpha", "cullface": "up" },
        "up":    { "uv": [ 8.25, 0.25, 15.75, 4 ], "texture": "#alpha", "cullface": "up" }
    }
},
{
    "from": [ 4.25, 16.4375, 8 ],
    "to": [ 11.75, 16.5, 11.75 ],
    "rotation": { "origin": [ 4.25, 16.5, 8 ], "axis": "x", "angle": -22.5 },
    "faces": {
        "down":  { "uv": [ 8.25, 7.75, 15.75, 4 ], "texture": "#alpha", "cullface": "up" },
        "up":    { "uv": [ 8.25, 4, 15.75, 7.75 ], "texture": "#alpha", "cullface": "up" }
    }
},
{
    "from": [ 4.5625, 17.875, 4.25 ],
    "to": [ 8.3125, 17.9375, 11.75 ],
    "rotation": { "origin": [ 4.5625, 17.9375, 4.25 ], "axis": "z", "angle": -22.5 },
    "faces": {
        "down":  { "uv": [ 8.25, 7.75, 12, 0.25 ], "texture": "#alpha", "cullface": "up" },
        "up":    { "uv": [ 8.25, 0.25, 12, 7.75 ], "texture": "#alpha", "cullface": "up" }
    }
},
{
    "from": [ 8, 16.4375, 4.25 ],
    "to": [ 11.75, 16.5, 11.75 ],
    "rotation": { "origin": [ 8, 16.5, 4.25 ], "axis": "z", "angle": 22.5 },
    "faces": {
        "down":  { "uv": [ 12, 7.75, 15.75, 0.25 ], "texture": "#alpha", "cullface": "up" },
        "up":    { "uv": [ 12, 0.25, 15.75, 7.75 ], "texture": "#alpha", "cullface": "up" }
    }
}
],
"display": {
    "thirdperson": {
        "rotation": [ 10, -45, 170 ],
        "translation": [ 0, 1.5, -2.75 ],
        "scale": [ 0.375, 0.375, 0.375 ]
    },
    "head": {
        "rotation": [ 0, 0, 0 ],
        "translation": [ 0, 7.5, 0 ],
        "scale": [ 1, 1, 1 ]
    }
}
}