{
"__comment": "Designed by Sphax with BDcraft Cubik PRO 0.90 Beta - http://bdcraft.net",
"ambientocclusion": false,
"textures": {
    "particle": "block/pumpkin_side",
    "side": "block/pumpkin_side",
    "cap": "block/pumpkin_top"
},
"elements": [ 
{
    "from": [ 0, 0, 0 ],
    "to": [ 16, 16, 16 ],
    "faces": {
        "down":  { "uv": [ 16, 16, 0, 0 ], "texture": "#cap", "cullface": "down" },
        "up":    { "uv": [ 0, 0, 16, 16 ], "texture": "#cap", "cullface": "up" },
        "north": { "uv": [ 0, 0, 16, 16 ], "texture": "#side", "cullface": "north" },
        "south": { "uv": [ 0, 0, 16, 16 ], "texture": "#side", "cullface": "south" },
        "west":  { "uv": [ 0, 0, 16, 16 ], "texture": "#side", "cullface": "west" },
        "east":  { "uv": [ 0, 0, 16, 16 ], "texture": "#side", "cullface": "east" }
    }
}
],
"display": {
    "thirdperson": {
        "rotation": [ 10, -45, 170 ],
        "translation": [ 0, 1.5, -2.75 ],
        "scale": [ 0.375, 0.375, 0.375 ]
    }
}
}