{
"__comment": "Designed by Sphax with BDcraft Cubik PRO 0.90 Beta - http://bdcraft.net",
"ambientocclusion": false,
"parent": "block/block",
"textures": {
    "particle": "block/pumpkin_side",
    "front": "block/carved_pumpkin",
    "side": "block/pumpkin_side",
    "cap": "block/pumpkin_top",
    "inner": "block/3d/pumpkin_inner"
},
"elements": [ 
{
    "from": [ 14.25, 0, 0 ],
    "to": [ 16, 16, 2 ],
    "faces": {
        "north": { "uv": [ 0, 0, 1.75, 16 ], "texture": "#front", "cullface": "north" },
        "west":  { "uv": [ 8, 0, 16, 16 ], "texture": "#inner", "cullface": "north" }
    }
},
{
    "from": [ 14.125, 10.75, 0 ],
    "to": [ 14.25, 13.75, 2 ],
    "faces": {
        "down":  { "uv": [ 8, 0, 16, 16 ], "rotation": 270, "texture": "#inner", "cullface": "north" },
        "north": { "uv": [ 1.75, 2.25, 1.875, 5.25 ], "texture": "#front", "cullface": "north" },
        "west":  { "uv": [ 8, 0, 16, 16 ], "texture": "#inner", "cullface": "north" }
    }
},
{
    "from": [ 14.125, 1.375, 0 ],
    "to": [ 14.25, 10.625, 2 ],
    "faces": {
        "up":    { "uv": [ 8, 0, 16, 16 ], "rotation": 90, "texture": "#inner", "cullface": "north" },
        "north": { "uv": [ 1.75, 5.375, 1.875, 14.625 ], "texture": "#front", "cullface": "north" },
        "west":  { "uv": [ 8, 0, 16, 16 ], "texture": "#inner", "cullface": "north" }
    }
},
{
    "from": [ 14, 11, 0 ],
    "to": [ 14.125, 13.75, 2 ],
    "faces": {
        "down":  { "uv": [ 8, 0, 16, 16 ], "rotation": 270, "texture": "#inner", "cullface": "north" },
        "north": { "uv": [ 1.875, 2.25, 2, 5 ], "texture": "#front", "cullface": "north" },
        "west":  { "uv": [ 8, 0, 16, 16 ], "texture": "#inner", "cullface": "north" }
    }
},
{
    "from": [ 14, 1.375, 0 ],
    "to": [ 14.125, 10.5, 2 ],
    "faces": {
        "up":    { "uv": [ 8, 0, 16, 16 ], "rotation": 90, "texture": "#inner", "cullface": "north" },
        "north": { "uv": [ 1.875, 5.5, 2, 14.625 ], "texture": "#front", "cullface": "north" },
        "west":  { "uv": [ 8, 0, 16, 16 ], "texture": "#inner", "cullface": "north" }
    }
},
{
    "from": [ 13.875, 11.25, 0 ],
    "to": [ 14, 13.75, 2 ],
    "faces": {
        "down":  { "uv": [ 8, 0, 16, 16 ], "rotation": 270, "texture": "#inner", "cullface": "north" },
        "north": { "uv": [ 2, 2.25, 2.125, 4.75 ], "texture": "#front", "cullface": "north" },
        "west":  { "uv": [ 8, 0, 16, 16 ], "texture": "#inner", "cullface": "north" }
    }
},
{
    "from": [ 13.875, 1.375, 0 ],
    "to": [ 14, 10.375, 2 ],
    "faces": {
        "up":    { "uv": [ 8, 0, 16, 16 ], "rotation": 90, "texture": "#inner", "cullface": "north" },
        "north": { "uv": [ 2, 5.625, 2.125, 14.625 ], "texture": "#front", "cullface": "north" },
        "west":  { "uv": [ 8, 0, 16, 16 ], "texture": "#inner", "cullface": "north" }
    }
},
{
    "from": [ 13.75, 11.375, 0 ],
    "to": [ 13.875, 13.75, 2 ],
    "faces": {
        "down":  { "uv": [ 8, 0, 16, 16 ], "rotation": 270, "texture": "#inner", "cullface": "north" },
        "north": { "uv": [ 2.125, 2.25, 2.25, 4.625 ], "texture": "#front", "cullface": "north" },
        "west":  { "uv": [ 8, 0, 16, 16 ], "texture": "#inner", "cullface": "north" }
    }
},
{
    "from": [ 13.75, 1.375, 0 ],
    "to": [ 13.875, 10.25, 2 ],
    "faces": {
        "up":    { "uv": [ 8, 0, 16, 16 ], "rotation": 90, "texture": "#inner", "cullface": "north" },
        "north": { "uv": [ 2.125, 5.75, 2.25, 14.625 ], "texture": "#front", "cullface": "north" },
        "west":  { "uv": [ 8, 0, 16, 16 ], "texture": "#inner", "cullface": "north" }
    }
},
{
    "from": [ 13.625, 11.625, 0 ],
    "to": [ 13.75, 13.75, 2 ],
    "faces": {
        "down":  { "uv": [ 8, 0, 16, 16 ], "rotation": 270, "texture": "#inner", "cullface": "north" },
        "north": { "uv": [ 2.25, 2.25, 2.375, 4.375 ], "texture": "#front", "cullface": "north" },
        "west":  { "uv": [ 8, 0, 16, 16 ], "texture": "#inner", "cullface": "north" }
    }
},
{
    "from": [ 13.625, 1.375, 0 ],
    "to": [ 13.75, 10.125, 2 ],
    "faces": {
        "up":    { "uv": [ 8, 0, 16, 16 ], "rotation": 90, "texture": "#inner", "cullface": "north" },
        "north": { "uv": [ 2.25, 5.875, 2.375, 14.625 ], "texture": "#front", "cullface": "north" },
        "west":  { "uv": [ 8, 0, 16, 16 ], "texture": "#inner", "cullface": "north" }
    }
},
{
    "from": [ 13.5, 11.875, 0 ],
    "to": [ 13.625, 13.75, 2 ],
    "faces": {
        "down":  { "uv": [ 8, 0, 16, 16 ], "rotation": 270, "texture": "#inner", "cullface": "north" },
        "north": { "uv": [ 2.375, 2.25, 2.5, 4.125 ], "texture": "#front", "cullface": "north" },
        "west":  { "uv": [ 8, 0, 16, 16 ], "texture": "#inner", "cullface": "north" }
    }
},
{
    "from": [ 13.5, 1.375, 0 ],
    "to": [ 13.625, 10, 2 ],
    "faces": {
        "up":    { "uv": [ 8, 0, 16, 16 ], "rotation": 90, "texture": "#inner", "cullface": "north" },
        "north": { "uv": [ 2.375, 6, 2.5, 14.625 ], "texture": "#front", "cullface": "north" },
        "west":  { "uv": [ 8, 0, 16, 16 ], "texture": "#inner", "cullface": "north" }
    }
},
{
    "from": [ 13.375, 12.125, 0 ],
    "to": [ 13.5, 13.75, 2 ],
    "faces": {
        "down":  { "uv": [ 8, 0, 16, 16 ], "rotation": 270, "texture": "#inner", "cullface": "north" },
        "north": { "uv": [ 2.5, 2.25, 2.625, 3.875 ], "texture": "#front", "cullface": "north" },
        "west":  { "uv": [ 8, 0, 16, 16 ], "texture": "#inner", "cullface": "north" }
    }
},
{
    "from": [ 13.375, 1.375, 0 ],
    "to": [ 13.5, 9.875, 2 ],
    "faces": {
        "up":    { "uv": [ 8, 0, 16, 16 ], "rotation": 90, "texture": "#inner", "cullface": "north" },
        "north": { "uv": [ 2.5, 6.125, 2.625, 14.625 ], "texture": "#front", "cullface": "north" },
        "west":  { "uv": [ 8, 0, 16, 16 ], "texture": "#inner", "cullface": "north" }
    }
},
{
    "from": [ 13.25, 12.375, 0 ],
    "to": [ 13.375, 13.75, 2 ],
    "faces": {
        "down":  { "uv": [ 8, 0, 16, 16 ], "rotation": 270, "texture": "#inner", "cullface": "north" },
        "north": { "uv": [ 2.625, 2.25, 2.75, 3.625 ], "texture": "#front", "cullface": "north" },
        "west":  { "uv": [ 8, 0, 16, 16 ], "texture": "#inner", "cullface": "north" }
    }
},
{
    "from": [ 13.25, 2.625, 0 ],
    "to": [ 13.375, 9.75, 2 ],
    "faces": {
        "down":  { "uv": [ 8, 0, 16, 16 ], "rotation": 270, "texture": "#inner", "cullface": "north" },
        "up":    { "uv": [ 8, 0, 16, 16 ], "rotation": 90, "texture": "#inner", "cullface": "north" },
        "north": { "uv": [ 2.625, 6.25, 2.75, 13.375 ], "texture": "#front", "cullface": "north" },
        "west":  { "uv": [ 8, 0, 16, 16 ], "texture": "#inner", "cullface": "north" }
    }
},
{
    "from": [ 13.25, 1.375, 0 ],
    "to": [ 13.375, 2.375, 2 ],
    "faces": {
        "up":    { "uv": [ 8, 0, 16, 16 ], "rotation": 90, "texture": "#inner", "cullface": "north" },
        "north": { "uv": [ 2.625, 13.625, 2.75, 14.625 ], "texture": "#front", "cullface": "north" },
        "west":  { "uv": [ 8, 0, 16, 16 ], "texture": "#inner", "cullface": "north" }
    }
},
{
    "from": [ 13.125, 12.625, 0 ],
    "to": [ 13.25, 13.75, 2 ],
    "faces": {
        "down":  { "uv": [ 8, 0, 16, 16 ], "rotation": 270, "texture": "#inner", "cullface": "north" },
        "north": { "uv": [ 2.75, 2.25, 2.875, 3.375 ], "texture": "#front", "cullface": "north" },
        "west":  { "uv": [ 8, 0, 16, 16 ], "texture": "#inner", "cullface": "north" }
    }
},
{
    "from": [ 13.125, 2.75, 0 ],
    "to": [ 13.25, 9.625, 2 ],
    "faces": {
        "down":  { "uv": [ 8, 0, 16, 16 ], "rotation": 270, "texture": "#inner", "cullface": "north" },
        "up":    { "uv": [ 8, 0, 16, 16 ], "rotation": 90, "texture": "#inner", "cullface": "north" },
        "north": { "uv": [ 2.75, 6.375, 2.875, 13.25 ], "texture": "#front", "cullface": "north" },
        "west":  { "uv": [ 8, 0, 16, 16 ], "texture": "#inner", "cullface": "north" }
    }
},
{
    "from": [ 13, 1.375, 0 ],
    "to": [ 13.25, 2.25, 2 ],
    "faces": {
        "up":    { "uv": [ 8, 0, 16, 16 ], "rotation": 90, "texture": "#inner", "cullface": "north" },
        "north": { "uv": [ 2.75, 13.75, 3, 14.625 ], "texture": "#front", "cullface": "north" },
        "west":  { "uv": [ 8, 0, 16, 16 ], "texture": "#inner", "cullface": "north" }
    }
},
{
    "from": [ 13, 12.875, 0 ],
    "to": [ 13.125, 13.75, 2 ],
    "faces": {
        "down":  { "uv": [ 8, 0, 16, 16 ], "rotation": 270, "texture": "#inner", "cullface": "north" },
        "north": { "uv": [ 2.875, 2.25, 3, 3.125 ], "texture": "#front", "cullface": "north" },
        "west":  { "uv": [ 8, 0, 16, 16 ], "texture": "#inner", "cullface": "north" }
    }
},
{
    "from": [ 13, 3, 0 ],
    "to": [ 13.125, 9.5, 2 ],
    "faces": {
        "down":  { "uv": [ 8, 0, 16, 16 ], "rotation": 270, "texture": "#inner", "cullface": "north" },
        "up":    { "uv": [ 8, 0, 16, 16 ], "rotation": 90, "texture": "#inner", "cullface": "north" },
        "north": { "uv": [ 2.875, 6.5, 3, 13 ], "texture": "#front", "cullface": "north" },
        "west":  { "uv": [ 8, 0, 16, 16 ], "texture": "#inner", "cullface": "north" }
    }
},
{
    "from": [ 12.875, 13.125, 0 ],
    "to": [ 13, 13.75, 2 ],
    "faces": {
        "down":  { "uv": [ 8, 0, 16, 16 ], "rotation": 270, "texture": "#inner", "cullface": "north" },
        "north": { "uv": [ 3, 2.25, 3.125, 2.875 ], "texture": "#front", "cullface": "north" },
        "west":  { "uv": [ 8, 0, 16, 16 ], "texture": "#inner", "cullface": "north" }
    }
},
{
    "from": [ 12.875, 3.25, 0 ],
    "to": [ 13, 9.375, 2 ],
    "faces": {
        "down":  { "uv": [ 8, 0, 16, 16 ], "rotation": 270, "texture": "#inner", "cullface": "north" },
        "up":    { "uv": [ 8, 0, 16, 16 ], "rotation": 90, "texture": "#inner", "cullface": "north" },
        "north": { "uv": [ 3, 6.625, 3.125, 12.75 ], "texture": "#front", "cullface": "north" },
        "west":  { "uv": [ 8, 0, 16, 16 ], "texture": "#inner", "cullface": "north" }
    }
},
{
    "from": [ 12.75, 1.375, 0 ],
    "to": [ 13, 2.125, 2 ],
    "faces": {
        "up":    { "uv": [ 8, 0, 16, 16 ], "rotation": 90, "texture": "#inner", "cullface": "north" },
        "north": { "uv": [ 3, 13.875, 3.25, 14.625 ], "texture": "#front", "cullface": "north" },
        "west":  { "uv": [ 8, 0, 16, 16 ], "texture": "#inner", "cullface": "north" }
    }
},
{
    "from": [ 12.75, 13.375, 0 ],
    "to": [ 12.875, 13.75, 2 ],
    "faces": {
        "down":  { "uv": [ 8, 0, 16, 16 ], "rotation": 270, "texture": "#inner", "cullface": "north" },
        "north": { "uv": [ 3.125, 2.25, 3.25, 2.625 ], "texture": "#front", "cullface": "north" },
        "west":  { "uv": [ 8, 0, 16, 16 ], "texture": "#inner", "cullface": "north" }
    }
},
{
    "from": [ 12.75, 3.375, 0 ],
    "to": [ 12.875, 9.25, 2 ],
    "faces": {
        "down":  { "uv": [ 8, 0, 16, 16 ], "rotation": 270, "texture": "#inner", "cullface": "north" },
        "up":    { "uv": [ 8, 0, 16, 16 ], "rotation": 90, "texture": "#inner", "cullface": "north" },
        "north": { "uv": [ 3.125, 6.75, 3.25, 12.625 ], "texture": "#front", "cullface": "north" },
        "west":  { "uv": [ 8, 0, 16, 16 ], "texture": "#inner", "cullface": "north" }
    }
},
{
    "from": [ 12.625, 13.625, 0 ],
    "to": [ 12.75, 13.75, 2 ],
    "faces": {
        "down":  { "uv": [ 8, 0, 16, 16 ], "rotation": 270, "texture": "#inner", "cullface": "north" },
        "north": { "uv": [ 3.25, 2.25, 3.375, 2.375 ], "texture": "#front", "cullface": "north" },
        "west":  { "uv": [ 8, 0, 16, 16 ], "texture": "#inner", "cullface": "north" }
    }
},
{
    "from": [ 12.625, 3.625, 0 ],
    "to": [ 12.75, 9, 2 ],
    "faces": {
        "down":  { "uv": [ 8, 0, 16, 16 ], "rotation": 270, "texture": "#inner", "cullface": "north" },
        "up":    { "uv": [ 8, 0, 16, 16 ], "rotation": 90, "texture": "#inner", "cullface": "north" },
        "north": { "uv": [ 3.25, 7, 3.375, 12.375 ], "texture": "#front", "cullface": "north" },
        "west":  { "uv": [ 8, 0, 16, 16 ], "texture": "#inner", "cullface": "north" }
    }
},
{
    "from": [ 12.375, 1.375, 0 ],
    "to": [ 12.75, 2, 2 ],
    "faces": {
        "up":    { "uv": [ 8, 0, 16, 16 ], "rotation": 90, "texture": "#inner", "cullface": "north" },
        "north": { "uv": [ 3.25, 14, 3.625, 14.625 ], "texture": "#front", "cullface": "north" },
        "west":  { "uv": [ 8, 0, 16, 16 ], "texture": "#inner", "cullface": "north" }
    }
},
{
    "from": [ 2, 13.75, 0 ],
    "to": [ 14.25, 16, 2 ],
    "faces": {
        "down":  { "uv": [ 8, 0, 16, 16 ], "rotation": 270, "texture": "#inner", "cullface": "north" },
        "north": { "uv": [ 1.75, 0, 14, 2.25 ], "texture": "#front", "cullface": "north" }
    }
},
{
    "from": [ 12.5, 3.875, 0 ],
    "to": [ 12.625, 8.875, 2 ],
    "faces": {
        "down":  { "uv": [ 8, 0, 16, 16 ], "rotation": 270, "texture": "#inner", "cullface": "north" },
        "up":    { "uv": [ 8, 0, 16, 16 ], "rotation": 90, "texture": "#inner", "cullface": "north" },
        "north": { "uv": [ 3.375, 7.125, 3.5, 12.125 ], "texture": "#front", "cullface": "north" },
        "west":  { "uv": [ 8, 0, 16, 16 ], "texture": "#inner", "cullface": "north" }
    }
},
{
    "from": [ 12.375, 4, 0 ],
    "to": [ 12.5, 8.75, 2 ],
    "faces": {
        "down":  { "uv": [ 8, 0, 16, 16 ], "rotation": 270, "texture": "#inner", "cullface": "north" },
        "up":    { "uv": [ 8, 0, 16, 16 ], "rotation": 90, "texture": "#inner", "cullface": "north" },
        "north": { "uv": [ 3.5, 7.25, 3.625, 12 ], "texture": "#front", "cullface": "north" },
        "west":  { "uv": [ 8, 0, 16, 16 ], "texture": "#inner", "cullface": "north" }
    }
},
{
    "from": [ 12.25, 4.25, 0 ],
    "to": [ 12.375, 8.625, 2 ],
    "faces": {
        "down":  { "uv": [ 8, 0, 16, 16 ], "rotation": 270, "texture": "#inner", "cullface": "north" },
        "up":    { "uv": [ 8, 0, 16, 16 ], "rotation": 90, "texture": "#inner", "cullface": "north" },
        "north": { "uv": [ 3.625, 7.375, 3.75, 11.75 ], "texture": "#front", "cullface": "north" },
        "west":  { "uv": [ 8, 0, 16, 16 ], "texture": "#inner", "cullface": "north" }
    }
},
{
    "from": [ 12.125, 1.375, 0 ],
    "to": [ 12.375, 1.875, 2 ],
    "faces": {
        "up":    { "uv": [ 8, 0, 16, 16 ], "rotation": 90, "texture": "#inner", "cullface": "north" },
        "north": { "uv": [ 3.625, 14.125, 3.875, 14.625 ], "texture": "#front", "cullface": "north" },
        "west":  { "uv": [ 8, 0, 16, 16 ], "texture": "#inner", "cullface": "north" }
    }
},
{
    "from": [ 12.125, 4.5, 0 ],
    "to": [ 12.25, 8.5, 2 ],
    "faces": {
        "down":  { "uv": [ 8, 0, 16, 16 ], "rotation": 270, "texture": "#inner", "cullface": "north" },
        "up":    { "uv": [ 8, 0, 16, 16 ], "rotation": 90, "texture": "#inner", "cullface": "north" },
        "north": { "uv": [ 3.75, 7.5, 3.875, 11.5 ], "texture": "#front", "cullface": "north" },
        "west":  { "uv": [ 8, 0, 16, 16 ], "texture": "#inner", "cullface": "north" }
    }
},
{
    "from": [ 12, 4.625, 0 ],
    "to": [ 12.125, 8.375, 2 ],
    "faces": {
        "down":  { "uv": [ 8, 0, 16, 16 ], "rotation": 270, "texture": "#inner", "cullface": "north" },
        "up":    { "uv": [ 8, 0, 16, 16 ], "rotation": 90, "texture": "#inner", "cullface": "north" },
        "north": { "uv": [ 3.875, 7.625, 4, 11.375 ], "texture": "#front", "cullface": "north" },
        "west":  { "uv": [ 8, 0, 16, 16 ], "texture": "#inner", "cullface": "north" }
    }
},
{
    "from": [ 11.875, 1.375, 0 ],
    "to": [ 12.125, 1.75, 2 ],
    "faces": {
        "up":    { "uv": [ 8, 0, 16, 16 ], "rotation": 90, "texture": "#inner", "cullface": "north" },
        "north": { "uv": [ 3.875, 14.25, 4.125, 14.625 ], "texture": "#front", "cullface": "north" },
        "west":  { "uv": [ 8, 0, 16, 16 ], "texture": "#inner", "cullface": "north" }
    }
},
{
    "from": [ 11.875, 4.875, 0 ],
    "to": [ 12, 8.25, 2 ],
    "faces": {
        "down":  { "uv": [ 8, 0, 16, 16 ], "rotation": 270, "texture": "#inner", "cullface": "north" },
        "up":    { "uv": [ 8, 0, 16, 16 ], "rotation": 90, "texture": "#inner", "cullface": "north" },
        "north": { "uv": [ 4, 7.75, 4.125, 11.125 ], "texture": "#front", "cullface": "north" },
        "west":  { "uv": [ 8, 0, 16, 16 ], "texture": "#inner", "cullface": "north" }
    }
},
{
    "from": [ 2, 13.625, 0 ],
    "to": [ 11.875, 13.75, 2 ],
    "faces": {
        "down":  { "uv": [ 8, 0, 16, 16 ], "rotation": 270, "texture": "#inner", "cullface": "north" },
        "north": { "uv": [ 4.125, 2.25, 14, 2.375 ], "texture": "#front", "cullface": "north" },
        "east":  { "uv": [ 16, 0, 8, 16 ], "texture": "#inner", "cullface": "north" }
    }
},
{
    "from": [ 10.5, 5, 0 ],
    "to": [ 11.875, 8.125, 2 ],
    "faces": {
        "down":  { "uv": [ 8, 0, 16, 16 ], "rotation": 270, "texture": "#inner", "cullface": "north" },
        "up":    { "uv": [ 8, 0, 16, 16 ], "rotation": 90, "texture": "#inner", "cullface": "north" },
        "north": { "uv": [ 4.125, 7.875, 5.5, 11 ], "texture": "#front", "cullface": "north" },
        "west":  { "uv": [ 8, 0, 16, 16 ], "texture": "#inner", "cullface": "north" }
    }
},
{
    "from": [ 11.5, 1.375, 0 ],
    "to": [ 11.875, 1.625, 2 ],
    "faces": {
        "up":    { "uv": [ 8, 0, 16, 16 ], "rotation": 90, "texture": "#inner", "cullface": "north" },
        "north": { "uv": [ 4.125, 14.375, 4.5, 14.625 ], "texture": "#front", "cullface": "north" },
        "west":  { "uv": [ 8, 0, 16, 16 ], "texture": "#inner", "cullface": "north" }
    }
},
{
    "from": [ 3.875, 8.125, 0 ],
    "to": [ 11.625, 8.25, 2 ],
    "faces": {
        "down":  { "uv": [ 8, 0, 16, 16 ], "rotation": 270, "texture": "#inner", "cullface": "north" },
        "up":    { "uv": [ 8, 0, 16, 16 ], "rotation": 90, "texture": "#inner", "cullface": "north" },
        "north": { "uv": [ 4.375, 7.75, 12.125, 7.875 ], "texture": "#front", "cullface": "north" },
        "west":  { "uv": [ 8, 0, 16, 16 ], "texture": "#inner", "cullface": "north" },
        "east":  { "uv": [ 16, 0, 8, 16 ], "texture": "#inner", "cullface": "north" }
    }
},
{
    "from": [ 10, 4.875, 0 ],
    "to": [ 11.625, 5, 2 ],
    "faces": {
        "down":  { "uv": [ 8, 0, 16, 16 ], "rotation": 270, "texture": "#inner", "cullface": "north" },
        "up":    { "uv": [ 8, 0, 16, 16 ], "rotation": 90, "texture": "#inner", "cullface": "north" },
        "north": { "uv": [ 4.375, 11, 6, 11.125 ], "texture": "#front", "cullface": "north" },
        "west":  { "uv": [ 8, 0, 16, 16 ], "texture": "#inner", "cullface": "north" },
        "east":  { "uv": [ 16, 0, 8, 16 ], "texture": "#inner", "cullface": "north" }
    }
},
{
    "from": [ 10.125, 4.75, 0 ],
    "to": [ 11.5, 4.875, 2 ],
    "faces": {
        "down":  { "uv": [ 8, 0, 16, 16 ], "rotation": 270, "texture": "#inner", "cullface": "north" },
        "north": { "uv": [ 4.5, 11.125, 5.875, 11.25 ], "texture": "#front", "cullface": "north" },
        "west":  { "uv": [ 8, 0, 16, 16 ], "texture": "#inner", "cullface": "north" },
        "east":  { "uv": [ 16, 0, 8, 16 ], "texture": "#inner", "cullface": "north" }
    }
},
{
    "from": [ 11.25, 1.375, 0 ],
    "to": [ 11.5, 1.5, 2 ],
    "faces": {
        "up":    { "uv": [ 8, 0, 16, 16 ], "rotation": 90, "texture": "#inner", "cullface": "north" },
        "north": { "uv": [ 4.5, 14.5, 4.75, 14.625 ], "texture": "#front", "cullface": "north" },
        "west":  { "uv": [ 8, 0, 16, 16 ], "texture": "#inner", "cullface": "north" }
    }
},
{
    "from": [ 4.25, 8.25, 0 ],
    "to": [ 11.375, 8.375, 2 ],
    "faces": {
        "up":    { "uv": [ 8, 0, 16, 16 ], "rotation": 90, "texture": "#inner", "cullface": "north" },
        "north": { "uv": [ 4.625, 7.625, 11.75, 7.75 ], "texture": "#front", "cullface": "north" },
        "west":  { "uv": [ 8, 0, 16, 16 ], "texture": "#inner", "cullface": "north" },
        "east":  { "uv": [ 16, 0, 8, 16 ], "texture": "#inner", "cullface": "north" }
    }
},
{
    "from": [ 10.25, 4.625, 0 ],
    "to": [ 11.375, 4.75, 2 ],
    "faces": {
        "down":  { "uv": [ 8, 0, 16, 16 ], "rotation": 270, "texture": "#inner", "cullface": "north" },
        "north": { "uv": [ 4.625, 11.25, 5.75, 11.375 ], "texture": "#front", "cullface": "north" },
        "west":  { "uv": [ 8, 0, 16, 16 ], "texture": "#inner", "cullface": "north" },
        "east":  { "uv": [ 16, 0, 8, 16 ], "texture": "#inner", "cullface": "north" }
    }
},
{
    "from": [ 2, 13.5, 0 ],
    "to": [ 11.25, 13.625, 2 ],
    "faces": {
        "down":  { "uv": [ 8, 0, 16, 16 ], "rotation": 270, "texture": "#inner", "cullface": "north" },
        "north": { "uv": [ 4.75, 2.375, 14, 2.5 ], "texture": "#front", "cullface": "north" },
        "east":  { "uv": [ 16, 0, 8, 16 ], "texture": "#inner", "cullface": "north" }
    }
},
{
    "from": [ 4.875, 9.875, 0 ],
    "to": [ 11.25, 10, 2 ],
    "faces": {
        "down":  { "uv": [ 8, 0, 16, 16 ], "rotation": 270, "texture": "#inner", "cullface": "north" },
        "up":    { "uv": [ 8, 0, 16, 16 ], "rotation": 90, "texture": "#inner", "cullface": "north" },
        "north": { "uv": [ 4.75, 6, 11.125, 6.125 ], "texture": "#front", "cullface": "north" },
        "west":  { "uv": [ 8, 0, 16, 16 ], "texture": "#inner", "cullface": "north" },
        "east":  { "uv": [ 16, 0, 8, 16 ], "texture": "#inner", "cullface": "north" }
    }
},
{
    "from": [ 10.375, 4.5, 0 ],
    "to": [ 11.25, 4.625, 2 ],
    "faces": {
        "down":  { "uv": [ 8, 0, 16, 16 ], "rotation": 270, "texture": "#inner", "cullface": "north" },
        "north": { "uv": [ 4.75, 11.375, 5.625, 11.5 ], "texture": "#front", "cullface": "north" },
        "west":  { "uv": [ 8, 0, 16, 16 ], "texture": "#inner", "cullface": "north" },
        "east":  { "uv": [ 16, 0, 8, 16 ], "texture": "#inner", "cullface": "north" }
    }
},
{
    "from": [ 2, 0, 0 ],
    "to": [ 14.25, 1.375, 2 ],
    "faces": {
        "up":    { "uv": [ 8, 0, 16, 16 ], "rotation": 90, "texture": "#inner", "cullface": "north" },
        "north": { "uv": [ 1.75, 14.625, 14, 16 ], "texture": "#front", "cullface": "north" }
    }
},
{
    "from": [ 5.125, 10, 0 ],
    "to": [ 11.125, 10.375, 2 ],
    "faces": {
        "up":    { "uv": [ 8, 0, 16, 16 ], "rotation": 90, "texture": "#inner", "cullface": "north" },
        "north": { "uv": [ 4.875, 5.625, 10.875, 6 ], "texture": "#front", "cullface": "north" },
        "west":  { "uv": [ 8, 0, 16, 16 ], "texture": "#inner", "cullface": "north" },
        "east":  { "uv": [ 16, 0, 8, 16 ], "texture": "#inner", "cullface": "north" }
    }
},
{
    "from": [ 4.875, 9.75, 0 ],
    "to": [ 11.125, 9.875, 2 ],
    "faces": {
        "down":  { "uv": [ 8, 0, 16, 16 ], "rotation": 270, "texture": "#inner", "cullface": "north" },
        "north": { "uv": [ 4.875, 6.125, 11.125, 6.25 ], "texture": "#front", "cullface": "north" },
        "west":  { "uv": [ 8, 0, 16, 16 ], "texture": "#inner", "cullface": "north" },
        "east":  { "uv": [ 16, 0, 8, 16 ], "texture": "#inner", "cullface": "north" }
    }
},
{
    "from": [ 4.5, 8.375, 0 ],
    "to": [ 11.125, 8.5, 2 ],
    "faces": {
        "up":    { "uv": [ 8, 0, 16, 16 ], "rotation": 90, "texture": "#inner", "cullface": "north" },
        "north": { "uv": [ 4.875, 7.5, 11.5, 7.625 ], "texture": "#front", "cullface": "north" },
        "west":  { "uv": [ 8, 0, 16, 16 ], "texture": "#inner", "cullface": "north" },
        "east":  { "uv": [ 16, 0, 8, 16 ], "texture": "#inner", "cullface": "north" }
    }
},
{
    "from": [ 10.625, 4.375, 0 ],
    "to": [ 11.125, 4.5, 2 ],
    "faces": {
        "down":  { "uv": [ 8, 0, 16, 16 ], "rotation": 270, "texture": "#inner", "cullface": "north" },
        "north": { "uv": [ 4.875, 11.5, 5.375, 11.625 ], "texture": "#front", "cullface": "north" },
        "west":  { "uv": [ 8, 0, 16, 16 ], "texture": "#inner", "cullface": "north" },
        "east":  { "uv": [ 16, 0, 8, 16 ], "texture": "#inner", "cullface": "north" }
    }
},
{
    "from": [ 4.375, 1.375, 0 ],
    "to": [ 11.125, 1.5, 2 ],
    "faces": {
        "up":    { "uv": [ 8, 0, 16, 16 ], "rotation": 90, "texture": "#inner", "cullface": "north" },
        "north": { "uv": [ 4.875, 14.5, 11.625, 14.625 ], "texture": "#front", "cullface": "north" },
        "west":  { "uv": [ 8, 0, 16, 16 ], "texture": "#inner", "cullface": "north" },
        "east":  { "uv": [ 16, 0, 8, 16 ], "texture": "#inner", "cullface": "north" }
    }
},
{
    "from": [ 6.25, 10.375, 0 ],
    "to": [ 11, 10.625, 2 ],
    "faces": {
        "up":    { "uv": [ 8, 0, 16, 16 ], "rotation": 90, "texture": "#inner", "cullface": "north" },
        "north": { "uv": [ 5, 5.375, 9.75, 5.625 ], "texture": "#front", "cullface": "north" },
        "west":  { "uv": [ 8, 0, 16, 16 ], "texture": "#inner", "cullface": "north" },
        "east":  { "uv": [ 16, 0, 8, 16 ], "texture": "#inner", "cullface": "north" }
    }
},
{
    "from": [ 4.75, 9.625, 0 ],
    "to": [ 11, 9.75, 2 ],
    "faces": {
        "down":  { "uv": [ 8, 0, 16, 16 ], "rotation": 270, "texture": "#inner", "cullface": "north" },
        "up":    { "uv": [ 8, 0, 16, 16 ], "rotation": 90, "texture": "#inner", "cullface": "north" },
        "north": { "uv": [ 5, 6.25, 11.25, 6.375 ], "texture": "#front", "cullface": "north" },
        "west":  { "uv": [ 8, 0, 16, 16 ], "texture": "#inner", "cullface": "north" },
        "east":  { "uv": [ 16, 0, 8, 16 ], "texture": "#inner", "cullface": "north" }
    }
},
{
    "from": [ 10.75, 4.25, 0 ],
    "to": [ 11, 4.375, 2 ],
    "faces": {
        "down":  { "uv": [ 8, 0, 16, 16 ], "rotation": 270, "texture": "#inner", "cullface": "north" },
        "north": { "uv": [ 5, 11.625, 5.25, 11.75 ], "texture": "#front", "cullface": "north" },
        "west":  { "uv": [ 8, 0, 16, 16 ], "texture": "#inner", "cullface": "north" },
        "east":  { "uv": [ 16, 0, 8, 16 ], "texture": "#inner", "cullface": "north" }
    }
},
{
    "from": [ 4.375, 1.5, 0 ],
    "to": [ 11, 1.625, 2 ],
    "faces": {
        "up":    { "uv": [ 8, 0, 16, 16 ], "rotation": 90, "texture": "#inner", "cullface": "north" },
        "north": { "uv": [ 5, 14.375, 11.625, 14.5 ], "texture": "#front", "cullface": "north" },
        "west":  { "uv": [ 8, 0, 16, 16 ], "texture": "#inner", "cullface": "north" },
        "east":  { "uv": [ 16, 0, 8, 16 ], "texture": "#inner", "cullface": "north" }
    }
},
{
    "from": [ 6.25, 10.625, 0 ],
    "to": [ 10.875, 10.875, 2 ],
    "faces": {
        "up":    { "uv": [ 8, 0, 16, 16 ], "rotation": 90, "texture": "#inner", "cullface": "north" },
        "north": { "uv": [ 5.125, 5.125, 9.75, 5.375 ], "texture": "#front", "cullface": "north" },
        "west":  { "uv": [ 8, 0, 16, 16 ], "texture": "#inner", "cullface": "north" },
        "east":  { "uv": [ 16, 0, 8, 16 ], "texture": "#inner", "cullface": "north" }
    }
},
{
    "from": [ 4.75, 9.5, 0 ],
    "to": [ 10.875, 9.625, 2 ],
    "faces": {
        "down":  { "uv": [ 8, 0, 16, 16 ], "rotation": 270, "texture": "#inner", "cullface": "north" },
        "north": { "uv": [ 5.125, 6.375, 11.25, 6.5 ], "texture": "#front", "cullface": "north" },
        "west":  { "uv": [ 8, 0, 16, 16 ], "texture": "#inner", "cullface": "north" },
        "east":  { "uv": [ 16, 0, 8, 16 ], "texture": "#inner", "cullface": "north" }
    }
},
{
    "from": [ 4.875, 8.5, 0 ],
    "to": [ 10.875, 8.625, 2 ],
    "faces": {
        "up":    { "uv": [ 8, 0, 16, 16 ], "rotation": 90, "texture": "#inner", "cullface": "north" },
        "north": { "uv": [ 5.125, 7.375, 11.125, 7.5 ], "texture": "#front", "cullface": "north" },
        "west":  { "uv": [ 8, 0, 16, 16 ], "texture": "#inner", "cullface": "north" },
        "east":  { "uv": [ 16, 0, 8, 16 ], "texture": "#inner", "cullface": "north" }
    }
},
{
    "from": [ 4.5, 1.625, 0 ],
    "to": [ 10.875, 1.75, 2 ],
    "faces": {
        "up":    { "uv": [ 8, 0, 16, 16 ], "rotation": 90, "texture": "#inner", "cullface": "north" },
        "north": { "uv": [ 5.125, 14.25, 11.5, 14.375 ], "texture": "#front", "cullface": "north" },
        "west":  { "uv": [ 8, 0, 16, 16 ], "texture": "#inner", "cullface": "north" },
        "east":  { "uv": [ 16, 0, 8, 16 ], "texture": "#inner", "cullface": "north" }
    }
},
{
    "from": [ 6.25, 10.875, 0 ],
    "to": [ 10.75, 11.25, 2 ],
    "faces": {
        "up":    { "uv": [ 8, 0, 16, 16 ], "rotation": 90, "texture": "#inner", "cullface": "north" },
        "north": { "uv": [ 5.25, 4.75, 9.75, 5.125 ], "texture": "#front", "cullface": "north" },
        "west":  { "uv": [ 8, 0, 16, 16 ], "texture": "#inner", "cullface": "north" },
        "east":  { "uv": [ 16, 0, 8, 16 ], "texture": "#inner", "cullface": "north" }
    }
},
{
    "from": [ 4.875, 9.375, 0 ],
    "to": [ 10.75, 9.5, 2 ],
    "faces": {
        "down":  { "uv": [ 8, 0, 16, 16 ], "rotation": 270, "texture": "#inner", "cullface": "north" },
        "north": { "uv": [ 5.25, 6.5, 11.125, 6.625 ], "texture": "#front", "cullface": "north" },
        "west":  { "uv": [ 8, 0, 16, 16 ], "texture": "#inner", "cullface": "north" },
        "east":  { "uv": [ 16, 0, 8, 16 ], "texture": "#inner", "cullface": "north" }
    }
},
{
    "from": [ 4.5, 1.75, 0 ],
    "to": [ 10.75, 1.875, 2 ],
    "faces": {
        "up":    { "uv": [ 8, 0, 16, 16 ], "rotation": 90, "texture": "#inner", "cullface": "north" },
        "north": { "uv": [ 5.25, 14.125, 11.5, 14.25 ], "texture": "#front", "cullface": "north" },
        "west":  { "uv": [ 8, 0, 16, 16 ], "texture": "#inner", "cullface": "north" },
        "east":  { "uv": [ 16, 0, 8, 16 ], "texture": "#inner", "cullface": "north" }
    }
},
{
    "from": [ 2, 13.375, 0 ],
    "to": [ 10.625, 13.5, 2 ],
    "faces": {
        "down":  { "uv": [ 8, 0, 16, 16 ], "rotation": 270, "texture": "#inner", "cullface": "north" },
        "north": { "uv": [ 5.375, 2.5, 14, 2.625 ], "texture": "#front", "cullface": "north" },
        "east":  { "uv": [ 16, 0, 8, 16 ], "texture": "#inner", "cullface": "north" }
    }
},
{
    "from": [ 9, 11.25, 0 ],
    "to": [ 10.625, 11.5, 2 ],
    "faces": {
        "up":    { "uv": [ 8, 0, 16, 16 ], "rotation": 90, "texture": "#inner", "cullface": "north" },
        "north": { "uv": [ 5.375, 4.5, 7, 4.75 ], "texture": "#front", "cullface": "north" },
        "west":  { "uv": [ 8, 0, 16, 16 ], "texture": "#inner", "cullface": "north" },
        "east":  { "uv": [ 16, 0, 8, 16 ], "texture": "#inner", "cullface": "north" }
    }
},
{
    "from": [ 5, 9.25, 0 ],
    "to": [ 10.625, 9.375, 2 ],
    "faces": {
        "down":  { "uv": [ 8, 0, 16, 16 ], "rotation": 270, "texture": "#inner", "cullface": "north" },
        "north": { "uv": [ 5.375, 6.625, 11, 6.75 ], "texture": "#front", "cullface": "north" },
        "west":  { "uv": [ 8, 0, 16, 16 ], "texture": "#inner", "cullface": "north" },
        "east":  { "uv": [ 16, 0, 8, 16 ], "texture": "#inner", "cullface": "north" }
    }
},
{
    "from": [ 5.125, 8.625, 0 ],
    "to": [ 10.625, 8.75, 2 ],
    "faces": {
        "up":    { "uv": [ 8, 0, 16, 16 ], "rotation": 90, "texture": "#inner", "cullface": "north" },
        "north": { "uv": [ 5.375, 7.25, 10.875, 7.375 ], "texture": "#front", "cullface": "north" },
        "west":  { "uv": [ 8, 0, 16, 16 ], "texture": "#inner", "cullface": "north" },
        "east":  { "uv": [ 16, 0, 8, 16 ], "texture": "#inner", "cullface": "north" }
    }
},
{
    "from": [ 4.625, 1.875, 0 ],
    "to": [ 10.625, 2, 2 ],
    "faces": {
        "up":    { "uv": [ 8, 0, 16, 16 ], "rotation": 90, "texture": "#inner", "cullface": "north" },
        "north": { "uv": [ 5.375, 14, 11.375, 14.125 ], "texture": "#front", "cullface": "north" },
        "west":  { "uv": [ 8, 0, 16, 16 ], "texture": "#inner", "cullface": "north" },
        "east":  { "uv": [ 16, 0, 8, 16 ], "texture": "#inner", "cullface": "north" }
    }
},
{
    "from": [ 10.25, 11.5, 0 ],
    "to": [ 10.5, 11.625, 2 ],
    "faces": {
        "up":    { "uv": [ 8, 0, 16, 16 ], "rotation": 90, "texture": "#inner", "cullface": "north" },
        "north": { "uv": [ 5.5, 4.375, 5.75, 4.5 ], "texture": "#front", "cullface": "north" },
        "west":  { "uv": [ 8, 0, 16, 16 ], "texture": "#inner", "cullface": "north" },
        "east":  { "uv": [ 16, 0, 8, 16 ], "texture": "#inner", "cullface": "north" }
    }
},
{
    "from": [ 10.375, 5, 0 ],
    "to": [ 10.5, 6, 2 ],
    "faces": {
        "up":    { "uv": [ 8, 0, 16, 16 ], "rotation": 90, "texture": "#inner", "cullface": "north" },
        "north": { "uv": [ 5.5, 10, 5.625, 11 ], "texture": "#front", "cullface": "north" },
        "west":  { "uv": [ 8, 0, 16, 16 ], "texture": "#inner", "cullface": "north" }
    }
},
{
    "from": [ 4.625, 2, 0 ],
    "to": [ 10.5, 2.125, 2 ],
    "faces": {
        "up":    { "uv": [ 8, 0, 16, 16 ], "rotation": 90, "texture": "#inner", "cullface": "north" },
        "north": { "uv": [ 5.5, 13.875, 11.375, 14 ], "texture": "#front", "cullface": "north" },
        "west":  { "uv": [ 8, 0, 16, 16 ], "texture": "#inner", "cullface": "north" },
        "east":  { "uv": [ 16, 0, 8, 16 ], "texture": "#inner", "cullface": "north" }
    }
},
{
    "from": [ 5.125, 9.125, 0 ],
    "to": [ 10.375, 9.25, 2 ],
    "faces": {
        "down":  { "uv": [ 8, 0, 16, 16 ], "rotation": 270, "texture": "#inner", "cullface": "north" },
        "north": { "uv": [ 5.625, 6.75, 10.875, 6.875 ], "texture": "#front", "cullface": "north" },
        "west":  { "uv": [ 8, 0, 16, 16 ], "texture": "#inner", "cullface": "north" },
        "east":  { "uv": [ 16, 0, 8, 16 ], "texture": "#inner", "cullface": "north" }
    }
},
{
    "from": [ 5.375, 8.75, 0 ],
    "to": [ 10.375, 8.875, 2 ],
    "faces": {
        "up":    { "uv": [ 8, 0, 16, 16 ], "rotation": 90, "texture": "#inner", "cullface": "north" },
        "north": { "uv": [ 5.625, 7.125, 10.625, 7.25 ], "texture": "#front", "cullface": "north" },
        "west":  { "uv": [ 8, 0, 16, 16 ], "texture": "#inner", "cullface": "north" },
        "east":  { "uv": [ 16, 0, 8, 16 ], "texture": "#inner", "cullface": "north" }
    }
},
{
    "from": [ 2, 6.125, 0 ],
    "to": [ 10.5, 8.125, 2 ],
    "faces": {
        "down":  { "uv": [ 8, 0, 16, 16 ], "rotation": 270, "texture": "#inner", "cullface": "north" },
        "up":    { "uv": [ 8, 0, 16, 16 ], "rotation": 90, "texture": "#inner", "cullface": "north" },
        "north": { "uv": [ 5.5, 7.875, 14, 9.875 ], "texture": "#front", "cullface": "north" }
    }
},
{
    "from": [ 10.25, 5, 0 ],
    "to": [ 10.375, 5.875, 2 ],
    "faces": {
        "up":    { "uv": [ 8, 0, 16, 16 ], "rotation": 90, "texture": "#inner", "cullface": "north" },
        "north": { "uv": [ 5.625, 10.125, 5.75, 11 ], "texture": "#front", "cullface": "north" },
        "west":  { "uv": [ 8, 0, 16, 16 ], "texture": "#inner", "cullface": "north" }
    }
},
{
    "from": [ 4.625, 2.125, 0 ],
    "to": [ 10.375, 2.25, 2 ],
    "faces": {
        "up":    { "uv": [ 8, 0, 16, 16 ], "rotation": 90, "texture": "#inner", "cullface": "north" },
        "north": { "uv": [ 5.625, 13.75, 11.375, 13.875 ], "texture": "#front", "cullface": "north" },
        "west":  { "uv": [ 8, 0, 16, 16 ], "texture": "#inner", "cullface": "north" },
        "east":  { "uv": [ 16, 0, 8, 16 ], "texture": "#inner", "cullface": "north" }
    }
},
{
    "from": [ 5.25, 9, 0 ],
    "to": [ 10.25, 9.125, 2 ],
    "faces": {
        "down":  { "uv": [ 8, 0, 16, 16 ], "rotation": 270, "texture": "#inner", "cullface": "north" },
        "north": { "uv": [ 5.75, 6.875, 10.75, 7 ], "texture": "#front", "cullface": "north" },
        "west":  { "uv": [ 8, 0, 16, 16 ], "texture": "#inner", "cullface": "north" },
        "east":  { "uv": [ 16, 0, 8, 16 ], "texture": "#inner", "cullface": "north" }
    }
},
{
    "from": [ 10.125, 5, 0 ],
    "to": [ 10.25, 5.625, 2 ],
    "faces": {
        "up":    { "uv": [ 8, 0, 16, 16 ], "rotation": 90, "texture": "#inner", "cullface": "north" },
        "north": { "uv": [ 5.75, 10.375, 5.875, 11 ], "texture": "#front", "cullface": "north" },
        "west":  { "uv": [ 8, 0, 16, 16 ], "texture": "#inner", "cullface": "north" }
    }
},
{
    "from": [ 4.75, 2.25, 0 ],
    "to": [ 10.25, 2.375, 2 ],
    "faces": {
        "up":    { "uv": [ 8, 0, 16, 16 ], "rotation": 90, "texture": "#inner", "cullface": "north" },
        "north": { "uv": [ 5.75, 13.625, 11.25, 13.75 ], "texture": "#front", "cullface": "north" },
        "west":  { "uv": [ 8, 0, 16, 16 ], "texture": "#inner", "cullface": "north" },
        "east":  { "uv": [ 16, 0, 8, 16 ], "texture": "#inner", "cullface": "north" }
    }
},
{
    "from": [ 5.25, 8.875, 0 ],
    "to": [ 10.125, 9, 2 ],
    "faces": {
        "down":  { "uv": [ 8, 0, 16, 16 ], "rotation": 270, "texture": "#inner", "cullface": "north" },
        "north": { "uv": [ 5.875, 7, 10.75, 7.125 ], "texture": "#front", "cullface": "north" },
        "west":  { "uv": [ 8, 0, 16, 16 ], "texture": "#inner", "cullface": "north" },
        "east":  { "uv": [ 16, 0, 8, 16 ], "texture": "#inner", "cullface": "north" }
    }
},
{
    "from": [ 10, 5, 0 ],
    "to": [ 10.125, 5.375, 2 ],
    "faces": {
        "up":    { "uv": [ 8, 0, 16, 16 ], "rotation": 90, "texture": "#inner", "cullface": "north" },
        "north": { "uv": [ 5.875, 10.625, 6, 11 ], "texture": "#front", "cullface": "north" },
        "west":  { "uv": [ 8, 0, 16, 16 ], "texture": "#inner", "cullface": "north" }
    }
},
{
    "from": [ 4.75, 2.375, 0 ],
    "to": [ 10.125, 2.5, 2 ],
    "faces": {
        "up":    { "uv": [ 8, 0, 16, 16 ], "rotation": 90, "texture": "#inner", "cullface": "north" },
        "north": { "uv": [ 5.875, 13.5, 11.25, 13.625 ], "texture": "#front", "cullface": "north" },
        "west":  { "uv": [ 8, 0, 16, 16 ], "texture": "#inner", "cullface": "north" },
        "east":  { "uv": [ 16, 0, 8, 16 ], "texture": "#inner", "cullface": "north" }
    }
},
{
    "from": [ 2, 13.25, 0 ],
    "to": [ 10, 13.375, 2 ],
    "faces": {
        "down":  { "uv": [ 8, 0, 16, 16 ], "rotation": 270, "texture": "#inner", "cullface": "north" },
        "north": { "uv": [ 6, 2.625, 14, 2.75 ], "texture": "#front", "cullface": "north" },
        "east":  { "uv": [ 16, 0, 8, 16 ], "texture": "#inner", "cullface": "north" }
    }
},
{
    "from": [ 9.875, 5, 0 ],
    "to": [ 10, 5.125, 2 ],
    "faces": {
        "down":  { "uv": [ 8, 0, 16, 16 ], "rotation": 270, "texture": "#inner", "cullface": "north" },
        "up":    { "uv": [ 8, 0, 16, 16 ], "rotation": 90, "texture": "#inner", "cullface": "north" },
        "north": { "uv": [ 6, 10.875, 6.125, 11 ], "texture": "#front", "cullface": "north" },
        "west":  { "uv": [ 8, 0, 16, 16 ], "texture": "#inner", "cullface": "north" }
    }
},
{
    "from": [ 4.875, 2.5, 0 ],
    "to": [ 10, 2.625, 2 ],
    "faces": {
        "up":    { "uv": [ 8, 0, 16, 16 ], "rotation": 90, "texture": "#inner", "cullface": "north" },
        "north": { "uv": [ 6, 13.375, 11.125, 13.5 ], "texture": "#front", "cullface": "north" },
        "west":  { "uv": [ 8, 0, 16, 16 ], "texture": "#inner", "cullface": "north" },
        "east":  { "uv": [ 16, 0, 8, 16 ], "texture": "#inner", "cullface": "north" }
    }
},
{
    "from": [ 4.875, 2.625, 0 ],
    "to": [ 9.875, 2.875, 2 ],
    "faces": {
        "up":    { "uv": [ 8, 0, 16, 16 ], "rotation": 90, "texture": "#inner", "cullface": "north" },
        "north": { "uv": [ 6.125, 13.125, 11.125, 13.375 ], "texture": "#front", "cullface": "north" },
        "west":  { "uv": [ 8, 0, 16, 16 ], "texture": "#inner", "cullface": "north" },
        "east":  { "uv": [ 16, 0, 8, 16 ], "texture": "#inner", "cullface": "north" }
    }
},
{
    "from": [ 5, 2.875, 0 ],
    "to": [ 9.75, 3, 2 ],
    "faces": {
        "up":    { "uv": [ 8, 0, 16, 16 ], "rotation": 90, "texture": "#inner", "cullface": "north" },
        "north": { "uv": [ 6.25, 13, 11, 13.125 ], "texture": "#front", "cullface": "north" },
        "west":  { "uv": [ 8, 0, 16, 16 ], "texture": "#inner", "cullface": "north" },
        "east":  { "uv": [ 16, 0, 8, 16 ], "texture": "#inner", "cullface": "north" }
    }
},
{
    "from": [ 5, 3, 0 ],
    "to": [ 9.625, 3.125, 2 ],
    "faces": {
        "up":    { "uv": [ 8, 0, 16, 16 ], "rotation": 90, "texture": "#inner", "cullface": "north" },
        "north": { "uv": [ 6.375, 12.875, 11, 13 ], "texture": "#front", "cullface": "north" },
        "west":  { "uv": [ 8, 0, 16, 16 ], "texture": "#inner", "cullface": "north" },
        "east":  { "uv": [ 16, 0, 8, 16 ], "texture": "#inner", "cullface": "north" }
    }
},
{
    "from": [ 5.125, 3.125, 0 ],
    "to": [ 9.5, 3.25, 2 ],
    "faces": {
        "up":    { "uv": [ 8, 0, 16, 16 ], "rotation": 90, "texture": "#inner", "cullface": "north" },
        "north": { "uv": [ 6.5, 12.75, 10.875, 12.875 ], "texture": "#front", "cullface": "north" },
        "west":  { "uv": [ 8, 0, 16, 16 ], "texture": "#inner", "cullface": "north" },
        "east":  { "uv": [ 16, 0, 8, 16 ], "texture": "#inner", "cullface": "north" }
    }
},
{
    "from": [ 2, 13.125, 0 ],
    "to": [ 9.375, 13.25, 2 ],
    "faces": {
        "down":  { "uv": [ 8, 0, 16, 16 ], "rotation": 270, "texture": "#inner", "cullface": "north" },
        "north": { "uv": [ 6.625, 2.75, 14, 2.875 ], "texture": "#front", "cullface": "north" },
        "east":  { "uv": [ 16, 0, 8, 16 ], "texture": "#inner", "cullface": "north" }
    }
},
{
    "from": [ 5.125, 3.25, 0 ],
    "to": [ 9.375, 3.375, 2 ],
    "faces": {
        "up":    { "uv": [ 8, 0, 16, 16 ], "rotation": 90, "texture": "#inner", "cullface": "north" },
        "north": { "uv": [ 6.625, 12.625, 10.875, 12.75 ], "texture": "#front", "cullface": "north" },
        "west":  { "uv": [ 8, 0, 16, 16 ], "texture": "#inner", "cullface": "north" },
        "east":  { "uv": [ 16, 0, 8, 16 ], "texture": "#inner", "cullface": "north" }
    }
},
{
    "from": [ 4.375, 12.375, 0 ],
    "to": [ 9, 13.125, 2 ],
    "faces": {
        "down":  { "uv": [ 8, 0, 16, 16 ], "rotation": 270, "texture": "#inner", "cullface": "north" },
        "north": { "uv": [ 7, 2.875, 11.625, 3.625 ], "texture": "#front", "cullface": "north" },
        "west":  { "uv": [ 8, 0, 16, 16 ], "texture": "#inner", "cullface": "north" },
        "east":  { "uv": [ 16, 0, 8, 16 ], "texture": "#inner", "cullface": "north" }
    }
},
{
    "from": [ 6.25, 11.25, 0 ],
    "to": [ 9, 11.375, 2 ],
    "faces": {
        "up":    { "uv": [ 8, 0, 16, 16 ], "rotation": 90, "texture": "#inner", "cullface": "north" },
        "north": { "uv": [ 7, 4.625, 9.75, 4.75 ], "texture": "#front", "cullface": "north" },
        "west":  { "uv": [ 8, 0, 16, 16 ], "texture": "#inner", "cullface": "north" }
    }
},
{
    "from": [ 6.25, 11.375, 0 ],
    "to": [ 8.875, 12.375, 2 ],
    "faces": {
        "north": { "uv": [ 7.125, 3.625, 9.75, 4.625 ], "texture": "#front", "cullface": "north" },
        "west":  { "uv": [ 8, 0, 16, 16 ], "texture": "#inner", "cullface": "north" },
        "east":  { "uv": [ 16, 0, 8, 16 ], "texture": "#inner", "cullface": "north" }
    }
},
{
    "from": [ 5.875, 12, 0 ],
    "to": [ 6.25, 12.375, 2 ],
    "faces": {
        "down":  { "uv": [ 8, 0, 16, 16 ], "rotation": 270, "texture": "#inner", "cullface": "north" },
        "north": { "uv": [ 9.75, 3.625, 10.125, 4 ], "texture": "#front", "cullface": "north" },
        "west":  { "uv": [ 8, 0, 16, 16 ], "texture": "#inner", "cullface": "north" }
    }
},
{
    "from": [ 5.25, 10.375, 0 ],
    "to": [ 6.25, 10.5, 2 ],
    "faces": {
        "up":    { "uv": [ 8, 0, 16, 16 ], "rotation": 90, "texture": "#inner", "cullface": "north" },
        "north": { "uv": [ 9.75, 5.5, 10.75, 5.625 ], "texture": "#front", "cullface": "north" },
        "west":  { "uv": [ 8, 0, 16, 16 ], "texture": "#inner", "cullface": "north" }
    }
},
{
    "from": [ 5.375, 10.5, 0 ],
    "to": [ 6.125, 10.625, 2 ],
    "faces": {
        "up":    { "uv": [ 8, 0, 16, 16 ], "rotation": 90, "texture": "#inner", "cullface": "north" },
        "north": { "uv": [ 9.875, 5.375, 10.625, 5.5 ], "texture": "#front", "cullface": "north" },
        "west":  { "uv": [ 8, 0, 16, 16 ], "texture": "#inner", "cullface": "north" },
        "east":  { "uv": [ 16, 0, 8, 16 ], "texture": "#inner", "cullface": "north" }
    }
},
{
    "from": [ 5.375, 12.125, 0 ],
    "to": [ 5.875, 12.375, 2 ],
    "faces": {
        "down":  { "uv": [ 8, 0, 16, 16 ], "rotation": 270, "texture": "#inner", "cullface": "north" },
        "north": { "uv": [ 10.125, 3.625, 10.625, 3.875 ], "texture": "#front", "cullface": "north" },
        "west":  { "uv": [ 8, 0, 16, 16 ], "texture": "#inner", "cullface": "north" }
    }
},
{
    "from": [ 5.375, 10.625, 0 ],
    "to": [ 5.625, 10.75, 2 ],
    "faces": {
        "up":    { "uv": [ 8, 0, 16, 16 ], "rotation": 90, "texture": "#inner", "cullface": "north" },
        "north": { "uv": [ 10.375, 5.25, 10.625, 5.375 ], "texture": "#front", "cullface": "north" },
        "west":  { "uv": [ 8, 0, 16, 16 ], "texture": "#inner", "cullface": "north" },
        "east":  { "uv": [ 16, 0, 8, 16 ], "texture": "#inner", "cullface": "north" }
    }
},
{
    "from": [ 4.875, 12.25, 0 ],
    "to": [ 5.375, 12.375, 2 ],
    "faces": {
        "down":  { "uv": [ 8, 0, 16, 16 ], "rotation": 270, "texture": "#inner", "cullface": "north" },
        "north": { "uv": [ 10.625, 3.625, 11.125, 3.75 ], "texture": "#front", "cullface": "north" },
        "west":  { "uv": [ 8, 0, 16, 16 ], "texture": "#inner", "cullface": "north" }
    }
},
{
    "from": [ 5, 10, 0 ],
    "to": [ 5.125, 10.125, 2 ],
    "faces": {
        "up":    { "uv": [ 8, 0, 16, 16 ], "rotation": 90, "texture": "#inner", "cullface": "north" },
        "north": { "uv": [ 10.875, 5.875, 11, 6 ], "texture": "#front", "cullface": "north" },
        "west":  { "uv": [ 8, 0, 16, 16 ], "texture": "#inner", "cullface": "north" }
    }
},
{
    "from": [ 3.875, 12.5, 0 ],
    "to": [ 4.375, 13.125, 2 ],
    "faces": {
        "down":  { "uv": [ 8, 0, 16, 16 ], "rotation": 270, "texture": "#inner", "cullface": "north" },
        "north": { "uv": [ 11.625, 2.875, 12.125, 3.5 ], "texture": "#front", "cullface": "north" },
        "west":  { "uv": [ 8, 0, 16, 16 ], "texture": "#inner", "cullface": "north" }
    }
},
{
    "from": [ 2, 1.375, 0 ],
    "to": [ 4.125, 1.5, 2 ],
    "faces": {
        "up":    { "uv": [ 8, 0, 16, 16 ], "rotation": 90, "texture": "#inner", "cullface": "north" },
        "north": { "uv": [ 11.875, 14.5, 14, 14.625 ], "texture": "#front", "cullface": "north" },
        "east":  { "uv": [ 16, 0, 8, 16 ], "texture": "#inner", "cullface": "north" }
    }
},
{
    "from": [ 2, 5.875, 0 ],
    "to": [ 4, 6.125, 2 ],
    "faces": {
        "down":  { "uv": [ 8, 0, 16, 16 ], "rotation": 270, "texture": "#inner", "cullface": "north" },
        "north": { "uv": [ 12, 9.875, 14, 10.125 ], "texture": "#front", "cullface": "north" },
        "east":  { "uv": [ 16, 0, 8, 16 ], "texture": "#inner", "cullface": "north" }
    }
},
{
    "from": [ 2, 12.625, 0 ],
    "to": [ 3.875, 13.125, 2 ],
    "faces": {
        "down":  { "uv": [ 8, 0, 16, 16 ], "rotation": 270, "texture": "#inner", "cullface": "north" },
        "north": { "uv": [ 12.125, 2.875, 14, 3.375 ], "texture": "#front", "cullface": "north" }
    }
},
{
    "from": [ 2, 5.625, 0 ],
    "to": [ 3.875, 5.875, 2 ],
    "faces": {
        "down":  { "uv": [ 8, 0, 16, 16 ], "rotation": 270, "texture": "#inner", "cullface": "north" },
        "north": { "uv": [ 12.125, 10.125, 14, 10.375 ], "texture": "#front", "cullface": "north" },
        "east":  { "uv": [ 16, 0, 8, 16 ], "texture": "#inner", "cullface": "north" }
    }
},
{
    "from": [ 2, 1.5, 0 ],
    "to": [ 3.875, 1.625, 2 ],
    "faces": {
        "up":    { "uv": [ 8, 0, 16, 16 ], "rotation": 90, "texture": "#inner", "cullface": "north" },
        "north": { "uv": [ 12.125, 14.375, 14, 14.5 ], "texture": "#front", "cullface": "north" },
        "east":  { "uv": [ 16, 0, 8, 16 ], "texture": "#inner", "cullface": "north" }
    }
},
{
    "from": [ 2, 8.125, 0 ],
    "to": [ 3.75, 8.375, 2 ],
    "faces": {
        "up":    { "uv": [ 8, 0, 16, 16 ], "rotation": 90, "texture": "#inner", "cullface": "north" },
        "north": { "uv": [ 12.25, 7.625, 14, 7.875 ], "texture": "#front", "cullface": "north" },
        "east":  { "uv": [ 16, 0, 8, 16 ], "texture": "#inner", "cullface": "north" }
    }
},
{
    "from": [ 2, 5.375, 0 ],
    "to": [ 3.75, 5.625, 2 ],
    "faces": {
        "down":  { "uv": [ 8, 0, 16, 16 ], "rotation": 270, "texture": "#inner", "cullface": "north" },
        "north": { "uv": [ 12.25, 10.375, 14, 10.625 ], "texture": "#front", "cullface": "north" },
        "east":  { "uv": [ 16, 0, 8, 16 ], "texture": "#inner", "cullface": "north" }
    }
},
{
    "from": [ 2, 1.625, 0 ],
    "to": [ 3.75, 1.75, 2 ],
    "faces": {
        "up":    { "uv": [ 8, 0, 16, 16 ], "rotation": 90, "texture": "#inner", "cullface": "north" },
        "north": { "uv": [ 12.25, 14.25, 14, 14.375 ], "texture": "#front", "cullface": "north" },
        "east":  { "uv": [ 16, 0, 8, 16 ], "texture": "#inner", "cullface": "north" }
    }
},
{
    "from": [ 2, 8.375, 0 ],
    "to": [ 3.625, 8.5, 2 ],
    "faces": {
        "up":    { "uv": [ 8, 0, 16, 16 ], "rotation": 90, "texture": "#inner", "cullface": "north" },
        "north": { "uv": [ 12.375, 7.5, 14, 7.625 ], "texture": "#front", "cullface": "north" },
        "east":  { "uv": [ 16, 0, 8, 16 ], "texture": "#inner", "cullface": "north" }
    }
},
{
    "from": [ 2, 5.125, 0 ],
    "to": [ 3.625, 5.375, 2 ],
    "faces": {
        "down":  { "uv": [ 8, 0, 16, 16 ], "rotation": 270, "texture": "#inner", "cullface": "north" },
        "north": { "uv": [ 12.375, 10.625, 14, 10.875 ], "texture": "#front", "cullface": "north" },
        "east":  { "uv": [ 16, 0, 8, 16 ], "texture": "#inner", "cullface": "north" }
    }
},
{
    "from": [ 2, 12.5, 0 ],
    "to": [ 3.5, 12.625, 2 ],
    "faces": {
        "down":  { "uv": [ 8, 0, 16, 16 ], "rotation": 270, "texture": "#inner", "cullface": "north" },
        "north": { "uv": [ 12.5, 3.375, 14, 3.5 ], "texture": "#front", "cullface": "north" },
        "east":  { "uv": [ 16, 0, 8, 16 ], "texture": "#inner", "cullface": "north" }
    }
},
{
    "from": [ 2, 8.5, 0 ],
    "to": [ 3.5, 8.625, 2 ],
    "faces": {
        "up":    { "uv": [ 8, 0, 16, 16 ], "rotation": 90, "texture": "#inner", "cullface": "north" },
        "north": { "uv": [ 12.5, 7.375, 14, 7.5 ], "texture": "#front", "cullface": "north" },
        "east":  { "uv": [ 16, 0, 8, 16 ], "texture": "#inner", "cullface": "north" }
    }
},
{
    "from": [ 2, 4.875, 0 ],
    "to": [ 3.5, 5.125, 2 ],
    "faces": {
        "down":  { "uv": [ 8, 0, 16, 16 ], "rotation": 270, "texture": "#inner", "cullface": "north" },
        "north": { "uv": [ 12.5, 10.875, 14, 11.125 ], "texture": "#front", "cullface": "north" },
        "east":  { "uv": [ 16, 0, 8, 16 ], "texture": "#inner", "cullface": "north" }
    }
},
{
    "from": [ 2, 1.75, 0 ],
    "to": [ 3.5, 1.875, 2 ],
    "faces": {
        "up":    { "uv": [ 8, 0, 16, 16 ], "rotation": 90, "texture": "#inner", "cullface": "north" },
        "north": { "uv": [ 12.5, 14.125, 14, 14.25 ], "texture": "#front", "cullface": "north" },
        "east":  { "uv": [ 16, 0, 8, 16 ], "texture": "#inner", "cullface": "north" }
    }
},
{
    "from": [ 2, 12.375, 0 ],
    "to": [ 3.375, 12.5, 2 ],
    "faces": {
        "down":  { "uv": [ 8, 0, 16, 16 ], "rotation": 270, "texture": "#inner", "cullface": "north" },
        "north": { "uv": [ 12.625, 3.5, 14, 3.625 ], "texture": "#front", "cullface": "north" },
        "east":  { "uv": [ 16, 0, 8, 16 ], "texture": "#inner", "cullface": "north" }
    }
},
{
    "from": [ 2, 8.625, 0 ],
    "to": [ 3.375, 8.75, 2 ],
    "faces": {
        "up":    { "uv": [ 8, 0, 16, 16 ], "rotation": 90, "texture": "#inner", "cullface": "north" },
        "north": { "uv": [ 12.625, 7.25, 14, 7.375 ], "texture": "#front", "cullface": "north" },
        "east":  { "uv": [ 16, 0, 8, 16 ], "texture": "#inner", "cullface": "north" }
    }
},
{
    "from": [ 2, 4.625, 0 ],
    "to": [ 3.375, 4.875, 2 ],
    "faces": {
        "down":  { "uv": [ 8, 0, 16, 16 ], "rotation": 270, "texture": "#inner", "cullface": "north" },
        "north": { "uv": [ 12.625, 11.125, 14, 11.375 ], "texture": "#front", "cullface": "north" },
        "east":  { "uv": [ 16, 0, 8, 16 ], "texture": "#inner", "cullface": "north" }
    }
},
{
    "from": [ 2, 1.875, 0 ],
    "to": [ 3.375, 2, 2 ],
    "faces": {
        "up":    { "uv": [ 8, 0, 16, 16 ], "rotation": 90, "texture": "#inner", "cullface": "north" },
        "north": { "uv": [ 12.625, 14, 14, 14.125 ], "texture": "#front", "cullface": "north" },
        "east":  { "uv": [ 16, 0, 8, 16 ], "texture": "#inner", "cullface": "north" }
    }
},
{
    "from": [ 2, 12.125, 0 ],
    "to": [ 3.25, 12.375, 2 ],
    "faces": {
        "down":  { "uv": [ 8, 0, 16, 16 ], "rotation": 270, "texture": "#inner", "cullface": "north" },
        "north": { "uv": [ 12.75, 3.625, 14, 3.875 ], "texture": "#front", "cullface": "north" },
        "east":  { "uv": [ 16, 0, 8, 16 ], "texture": "#inner", "cullface": "north" }
    }
},
{
    "from": [ 2, 8.75, 0 ],
    "to": [ 3.25, 8.875, 2 ],
    "faces": {
        "up":    { "uv": [ 8, 0, 16, 16 ], "rotation": 90, "texture": "#inner", "cullface": "north" },
        "north": { "uv": [ 12.75, 7.125, 14, 7.25 ], "texture": "#front", "cullface": "north" },
        "east":  { "uv": [ 16, 0, 8, 16 ], "texture": "#inner", "cullface": "north" }
    }
},
{
    "from": [ 2, 4.375, 0 ],
    "to": [ 3.25, 4.625, 2 ],
    "faces": {
        "down":  { "uv": [ 8, 0, 16, 16 ], "rotation": 270, "texture": "#inner", "cullface": "north" },
        "north": { "uv": [ 12.75, 11.375, 14, 11.625 ], "texture": "#front", "cullface": "north" },
        "east":  { "uv": [ 16, 0, 8, 16 ], "texture": "#inner", "cullface": "north" }
    }
},
{
    "from": [ 2, 12, 0 ],
    "to": [ 3.125, 12.125, 2 ],
    "faces": {
        "down":  { "uv": [ 8, 0, 16, 16 ], "rotation": 270, "texture": "#inner", "cullface": "north" },
        "north": { "uv": [ 12.875, 3.875, 14, 4 ], "texture": "#front", "cullface": "north" },
        "east":  { "uv": [ 16, 0, 8, 16 ], "texture": "#inner", "cullface": "north" }
    }
},
{
    "from": [ 2, 8.875, 0 ],
    "to": [ 3.125, 9, 2 ],
    "faces": {
        "up":    { "uv": [ 8, 0, 16, 16 ], "rotation": 90, "texture": "#inner", "cullface": "north" },
        "north": { "uv": [ 12.875, 7, 14, 7.125 ], "texture": "#front", "cullface": "north" },
        "east":  { "uv": [ 16, 0, 8, 16 ], "texture": "#inner", "cullface": "north" }
    }
},
{
    "from": [ 2, 4.125, 0 ],
    "to": [ 3.125, 4.375, 2 ],
    "faces": {
        "down":  { "uv": [ 8, 0, 16, 16 ], "rotation": 270, "texture": "#inner", "cullface": "north" },
        "north": { "uv": [ 12.875, 11.625, 14, 11.875 ], "texture": "#front", "cullface": "north" },
        "east":  { "uv": [ 16, 0, 8, 16 ], "texture": "#inner", "cullface": "north" }
    }
},
{
    "from": [ 2, 2, 0 ],
    "to": [ 3.125, 2.125, 2 ],
    "faces": {
        "up":    { "uv": [ 8, 0, 16, 16 ], "rotation": 90, "texture": "#inner", "cullface": "north" },
        "north": { "uv": [ 12.875, 13.875, 14, 14 ], "texture": "#front", "cullface": "north" },
        "east":  { "uv": [ 16, 0, 8, 16 ], "texture": "#inner", "cullface": "north" }
    }
},
{
    "from": [ 2, 11.75, 0 ],
    "to": [ 3, 12, 2 ],
    "faces": {
        "down":  { "uv": [ 8, 0, 16, 16 ], "rotation": 270, "texture": "#inner", "cullface": "north" },
        "north": { "uv": [ 13, 4, 14, 4.25 ], "texture": "#front", "cullface": "north" },
        "east":  { "uv": [ 16, 0, 8, 16 ], "texture": "#inner", "cullface": "north" }
    }
},
{
    "from": [ 2, 9, 0 ],
    "to": [ 3, 9.25, 2 ],
    "faces": {
        "up":    { "uv": [ 8, 0, 16, 16 ], "rotation": 90, "texture": "#inner", "cullface": "north" },
        "north": { "uv": [ 13, 6.75, 14, 7 ], "texture": "#front", "cullface": "north" },
        "east":  { "uv": [ 16, 0, 8, 16 ], "texture": "#inner", "cullface": "north" }
    }
},
{
    "from": [ 2, 3.875, 0 ],
    "to": [ 3, 4.125, 2 ],
    "faces": {
        "down":  { "uv": [ 8, 0, 16, 16 ], "rotation": 270, "texture": "#inner", "cullface": "north" },
        "north": { "uv": [ 13, 11.875, 14, 12.125 ], "texture": "#front", "cullface": "north" },
        "east":  { "uv": [ 16, 0, 8, 16 ], "texture": "#inner", "cullface": "north" }
    }
},
{
    "from": [ 2, 2.125, 0 ],
    "to": [ 3, 2.25, 2 ],
    "faces": {
        "up":    { "uv": [ 8, 0, 16, 16 ], "rotation": 90, "texture": "#inner", "cullface": "north" },
        "north": { "uv": [ 13, 13.75, 14, 13.875 ], "texture": "#front", "cullface": "north" },
        "east":  { "uv": [ 16, 0, 8, 16 ], "texture": "#inner", "cullface": "north" }
    }
},
{
    "from": [ 2, 11.5, 0 ],
    "to": [ 2.875, 11.75, 2 ],
    "faces": {
        "down":  { "uv": [ 8, 0, 16, 16 ], "rotation": 270, "texture": "#inner", "cullface": "north" },
        "north": { "uv": [ 13.125, 4.25, 14, 4.5 ], "texture": "#front", "cullface": "north" },
        "east":  { "uv": [ 16, 0, 8, 16 ], "texture": "#inner", "cullface": "north" }
    }
},
{
    "from": [ 2, 9.25, 0 ],
    "to": [ 2.875, 9.375, 2 ],
    "faces": {
        "up":    { "uv": [ 8, 0, 16, 16 ], "rotation": 90, "texture": "#inner", "cullface": "north" },
        "north": { "uv": [ 13.125, 6.625, 14, 6.75 ], "texture": "#front", "cullface": "north" },
        "east":  { "uv": [ 16, 0, 8, 16 ], "texture": "#inner", "cullface": "north" }
    }
},
{
    "from": [ 2, 3.625, 0 ],
    "to": [ 2.875, 3.875, 2 ],
    "faces": {
        "down":  { "uv": [ 8, 0, 16, 16 ], "rotation": 270, "texture": "#inner", "cullface": "north" },
        "north": { "uv": [ 13.125, 12.125, 14, 12.375 ], "texture": "#front", "cullface": "north" },
        "east":  { "uv": [ 16, 0, 8, 16 ], "texture": "#inner", "cullface": "north" }
    }
},
{
    "from": [ 2, 11.375, 0 ],
    "to": [ 2.75, 11.5, 2 ],
    "faces": {
        "down":  { "uv": [ 8, 0, 16, 16 ], "rotation": 270, "texture": "#inner", "cullface": "north" },
        "north": { "uv": [ 13.25, 4.5, 14, 4.625 ], "texture": "#front", "cullface": "north" },
        "east":  { "uv": [ 16, 0, 8, 16 ], "texture": "#inner", "cullface": "north" }
    }
},
{
    "from": [ 2, 9.375, 0 ],
    "to": [ 2.75, 9.5, 2 ],
    "faces": {
        "up":    { "uv": [ 8, 0, 16, 16 ], "rotation": 90, "texture": "#inner", "cullface": "north" },
        "north": { "uv": [ 13.25, 6.5, 14, 6.625 ], "texture": "#front", "cullface": "north" },
        "east":  { "uv": [ 16, 0, 8, 16 ], "texture": "#inner", "cullface": "north" }
    }
},
{
    "from": [ 2, 3.375, 0 ],
    "to": [ 2.75, 3.625, 2 ],
    "faces": {
        "down":  { "uv": [ 8, 0, 16, 16 ], "rotation": 270, "texture": "#inner", "cullface": "north" },
        "north": { "uv": [ 13.25, 12.375, 14, 12.625 ], "texture": "#front", "cullface": "north" },
        "east":  { "uv": [ 16, 0, 8, 16 ], "texture": "#inner", "cullface": "north" }
    }
},
{
    "from": [ 2, 2.25, 0 ],
    "to": [ 2.75, 2.375, 2 ],
    "faces": {
        "up":    { "uv": [ 8, 0, 16, 16 ], "rotation": 90, "texture": "#inner", "cullface": "north" },
        "north": { "uv": [ 13.25, 13.625, 14, 13.75 ], "texture": "#front", "cullface": "north" },
        "east":  { "uv": [ 16, 0, 8, 16 ], "texture": "#inner", "cullface": "north" }
    }
},
{
    "from": [ 2, 11.125, 0 ],
    "to": [ 2.625, 11.375, 2 ],
    "faces": {
        "down":  { "uv": [ 8, 0, 16, 16 ], "rotation": 270, "texture": "#inner", "cullface": "north" },
        "north": { "uv": [ 13.375, 4.625, 14, 4.875 ], "texture": "#front", "cullface": "north" },
        "east":  { "uv": [ 16, 0, 8, 16 ], "texture": "#inner", "cullface": "north" }
    }
},
{
    "from": [ 2, 9.5, 0 ],
    "to": [ 2.625, 9.625, 2 ],
    "faces": {
        "up":    { "uv": [ 8, 0, 16, 16 ], "rotation": 90, "texture": "#inner", "cullface": "north" },
        "north": { "uv": [ 13.375, 6.375, 14, 6.5 ], "texture": "#front", "cullface": "north" },
        "east":  { "uv": [ 16, 0, 8, 16 ], "texture": "#inner", "cullface": "north" }
    }
},
{
    "from": [ 2, 3.125, 0 ],
    "to": [ 2.625, 3.375, 2 ],
    "faces": {
        "down":  { "uv": [ 8, 0, 16, 16 ], "rotation": 270, "texture": "#inner", "cullface": "north" },
        "north": { "uv": [ 13.375, 12.625, 14, 12.875 ], "texture": "#front", "cullface": "north" },
        "east":  { "uv": [ 16, 0, 8, 16 ], "texture": "#inner", "cullface": "north" }
    }
},
{
    "from": [ 2, 2.375, 0 ],
    "to": [ 2.625, 2.5, 2 ],
    "faces": {
        "up":    { "uv": [ 8, 0, 16, 16 ], "rotation": 90, "texture": "#inner", "cullface": "north" },
        "north": { "uv": [ 13.375, 13.5, 14, 13.625 ], "texture": "#front", "cullface": "north" },
        "east":  { "uv": [ 16, 0, 8, 16 ], "texture": "#inner", "cullface": "north" }
    }
},
{
    "from": [ 2, 11, 0 ],
    "to": [ 2.5, 11.125, 2 ],
    "faces": {
        "down":  { "uv": [ 8, 0, 16, 16 ], "rotation": 270, "texture": "#inner", "cullface": "north" },
        "north": { "uv": [ 13.5, 4.875, 14, 5 ], "texture": "#front", "cullface": "north" },
        "east":  { "uv": [ 16, 0, 8, 16 ], "texture": "#inner", "cullface": "north" }
    }
},
{
    "from": [ 2, 9.625, 0 ],
    "to": [ 2.5, 9.75, 2 ],
    "faces": {
        "up":    { "uv": [ 8, 0, 16, 16 ], "rotation": 90, "texture": "#inner", "cullface": "north" },
        "north": { "uv": [ 13.5, 6.25, 14, 6.375 ], "texture": "#front", "cullface": "north" },
        "east":  { "uv": [ 16, 0, 8, 16 ], "texture": "#inner", "cullface": "north" }
    }
},
{
    "from": [ 2, 2.875, 0 ],
    "to": [ 2.5, 3.125, 2 ],
    "faces": {
        "down":  { "uv": [ 8, 0, 16, 16 ], "rotation": 270, "texture": "#inner", "cullface": "north" },
        "north": { "uv": [ 13.5, 12.875, 14, 13.125 ], "texture": "#front", "cullface": "north" },
        "east":  { "uv": [ 16, 0, 8, 16 ], "texture": "#inner", "cullface": "north" }
    }
},
{
    "from": [ 2, 10.75, 0 ],
    "to": [ 2.375, 11, 2 ],
    "faces": {
        "down":  { "uv": [ 8, 0, 16, 16 ], "rotation": 270, "texture": "#inner", "cullface": "north" },
        "north": { "uv": [ 13.625, 5, 14, 5.25 ], "texture": "#front", "cullface": "north" },
        "east":  { "uv": [ 16, 0, 8, 16 ], "texture": "#inner", "cullface": "north" }
    }
},
{
    "from": [ 2, 9.75, 0 ],
    "to": [ 2.375, 10, 2 ],
    "faces": {
        "up":    { "uv": [ 8, 0, 16, 16 ], "rotation": 90, "texture": "#inner", "cullface": "north" },
        "north": { "uv": [ 13.625, 6, 14, 6.25 ], "texture": "#front", "cullface": "north" },
        "east":  { "uv": [ 16, 0, 8, 16 ], "texture": "#inner", "cullface": "north" }
    }
},
{
    "from": [ 2, 2.5, 0 ],
    "to": [ 2.375, 2.875, 2 ],
    "faces": {
        "north": { "uv": [ 13.625, 13.125, 14, 13.5 ], "texture": "#front", "cullface": "north" },
        "east":  { "uv": [ 16, 0, 8, 16 ], "texture": "#inner", "cullface": "north" }
    }
},
{
    "from": [ 2, 10.5, 0 ],
    "to": [ 2.25, 10.75, 2 ],
    "faces": {
        "down":  { "uv": [ 8, 0, 16, 16 ], "rotation": 270, "texture": "#inner", "cullface": "north" },
        "north": { "uv": [ 13.75, 5.25, 14, 5.5 ], "texture": "#front", "cullface": "north" },
        "east":  { "uv": [ 16, 0, 8, 16 ], "texture": "#inner", "cullface": "north" }
    }
},
{
    "from": [ 2, 10, 0 ],
    "to": [ 2.25, 10.125, 2 ],
    "faces": {
        "up":    { "uv": [ 8, 0, 16, 16 ], "rotation": 90, "texture": "#inner", "cullface": "north" },
        "north": { "uv": [ 13.75, 5.875, 14, 6 ], "texture": "#front", "cullface": "north" },
        "east":  { "uv": [ 16, 0, 8, 16 ], "texture": "#inner", "cullface": "north" }
    }
},
{
    "from": [ 2, 10.375, 0 ],
    "to": [ 2.125, 10.5, 2 ],
    "faces": {
        "down":  { "uv": [ 8, 0, 16, 16 ], "rotation": 270, "texture": "#inner", "cullface": "north" },
        "north": { "uv": [ 13.875, 5.5, 14, 5.625 ], "texture": "#front", "cullface": "north" },
        "east":  { "uv": [ 16, 0, 8, 16 ], "texture": "#inner", "cullface": "north" }
    }
},
{
    "from": [ 2, 10.125, 0 ],
    "to": [ 2.125, 10.25, 2 ],
    "faces": {
        "up":    { "uv": [ 8, 0, 16, 16 ], "rotation": 90, "texture": "#inner", "cullface": "north" },
        "north": { "uv": [ 13.875, 5.75, 14, 5.875 ], "texture": "#front", "cullface": "north" },
        "east":  { "uv": [ 16, 0, 8, 16 ], "texture": "#inner", "cullface": "north" }
    }
},
{
    "from": [ 0, 0, 0 ],
    "to": [ 2, 16, 2 ],
    "faces": {
        "north": { "uv": [ 14, 0, 16, 16 ], "texture": "#front", "cullface": "north" },
        "east":  { "uv": [ 16, 0, 8, 16 ], "texture": "#inner", "cullface": "north" }
    }
},
{
    "from": [ 0, 0, 0 ],
    "to": [ 16, 16, 16 ],
    "faces": {
        "down":  { "uv": [ 16, 16, 0, 0 ], "texture": "#cap", "cullface": "down" },
        "up":    { "uv": [ 0, 0, 16, 16 ], "texture": "#cap", "cullface": "up" },
        "south": { "uv": [ 0, 0, 16, 16 ], "texture": "#side", "cullface": "south" },
        "west":  { "uv": [ 0, 0, 16, 16 ], "texture": "#side", "cullface": "west" },
        "east":  { "uv": [ 0, 0, 16, 16 ], "texture": "#side", "cullface": "east" }
    }
},
{
    "from": [ 1, 1, 2 ],
    "to": [ 15, 15, 3 ],
    "faces": {
        "north": { "uv": [ 1, 1, 15, 15 ], "texture": "#front", "cullface": "north" }
    }
}
],
"display": {
    "thirdperson": {
        "rotation": [ 10, -45, 170 ],
        "translation": [ 0, 1.5, -2.75 ],
        "scale": [ 0.375, 0.375, 0.375 ]
    }
}
}