{   "parent": "block/block",
"__comment": "Designed by MushirMickeyJoe & EskiMojo14 using Cubik Pro",
"textures": {
    "particle": "block/chorus_plant",
    "texture": "block/_bdc/chorus_alpha_01",
    "chorus_alpha2": "block/_bdc/chorus_alpha_02",
    "chorus_alpha3": "block/_bdc/chorus_alpha_03"
},
"elements": [ 
{
    "from": [ 5.0625, -1.9375, 0.875 ],
    "to": [ 16.0625, -1.875, 11.875 ],
    "rotation": { "origin": [ 5.0625, -1.9375, 0.875 ], "axis": "y", "angle": -22.5 },
    "faces": {
        "down":  { "uv": [ 0.5, 0.5, 11.5, 11.5 ], "texture": "#texture", "cullface": "down" }
    }
},
{
    "from": [ 4.5625, -1.75, -0.4375 ],
    "to": [ 17.5625, -1.6875, 12.5625 ],
    "rotation": { "origin": [ 4.5625, -1.75, -0.4375 ], "axis": "y", "angle": -22.5 },
    "faces": {
        "down":  { "uv": [ 1.5, 1.5, 14.5, 14.5 ], "texture": "#chorus_alpha2", "cullface": "down" },
        "up":    { "uv": [ 1.5, 14.5, 14.5, 1.5 ], "texture": "#chorus_alpha2", "cullface": "up" }
    }
},
{
    "from": [ 5.5, -2.3125, 5.5 ],
    "to": [ 10.5, -2.25, 10.5 ],
    "faces": {
        "down":  { "uv": [ 1.5, 1.5, 6.5, 6.5 ], "texture": "#chorus_alpha3", "cullface": "down" },
        "up":    { "uv": [ 1.5, 6.5, 6.5, 1.5 ], "texture": "#chorus_alpha3", "cullface": "up" }
    }
},
{
    "from": [ 2.5, -3.9375, 2 ],
    "to": [ 7.5, -3.875, 14 ],
    "rotation": { "origin": [ 2.5, -3.875, 2 ], "axis": "z", "angle": 22.5 },
    "faces": {
        "down":  { "uv": [ 0.5, 0, 5.5, 12 ], "texture": "#texture", "cullface": "down" },
        "up":    { "uv": [ 0.5, 12, 5.5, 0 ], "texture": "#texture", "cullface": "up" }
    }
},
{
    "from": [ 8.75, -1.8125, 2 ],
    "to": [ 13.75, -1.75, 14 ],
    "rotation": { "origin": [ 8.75, -1.75, 2 ], "axis": "z", "angle": -22.5 },
    "faces": {
        "down":  { "uv": [ 6.5, 0, 11.5, 12 ], "texture": "#texture", "cullface": "down" },
        "up":    { "uv": [ 6.5, 12, 11.5, 0 ], "texture": "#texture", "cullface": "up" }
    }
},
{
    "from": [ 1.5, -3.6875, 1.625 ],
    "to": [ 14.5, -3.625, 10.125 ],
    "rotation": { "origin": [ 1.5, -3.625, 1.625 ], "axis": "x", "angle": -22.5 },
    "faces": {
        "down":  { "uv": [ 1.5, 6, 14.5, 14.5 ], "texture": "#chorus_alpha2", "cullface": "down" },
        "up":    { "uv": [ 1.5, 14.5, 14.5, 6 ], "texture": "#chorus_alpha2", "cullface": "up" }
    }
},
{
    "from": [ 1.5, -0.5, 6.875 ],
    "to": [ 14.5, -0.4375, 15.375 ],
    "rotation": { "origin": [ 1.5, -0.4375, 6.875 ], "axis": "x", "angle": 22.5 },
    "faces": {
        "down":  { "uv": [ 1.5, 1, 14.5, 9.5 ], "texture": "#chorus_alpha2", "cullface": "down" },
        "up":    { "uv": [ 1.5, 9.5, 14.5, 1 ], "texture": "#chorus_alpha2", "cullface": "up" }
    }
},
{
    "from": [ 6.5625, -4.6875, 6.48169 ],
    "to": [ 6.625, -1.6875, 7.98169 ],
    "rotation": { "origin": [ 6.5625, -4.6875, 6.48169 ], "axis": "y", "angle": 45 },
    "faces": {
        "west":  { "uv": [ 12, 8.5, 16, 16 ], "rotation": 180, "texture": "#texture", "cullface": "west" },
        "east":  { "uv": [ 16, 8.5, 12, 16 ], "rotation": 180, "texture": "#texture", "cullface": "east" }
    }
},
{
    "from": [ 9.4375, -4.6875, 6.375 ],
    "to": [ 9.5, -1.6875, 7.875 ],
    "rotation": { "origin": [ 9.4375, -4.6875, 6.375 ], "axis": "y", "angle": -45 },
    "faces": {
        "west":  { "uv": [ 12, 8.5, 16, 16 ], "rotation": 180, "texture": "#texture", "cullface": "west" },
        "east":  { "uv": [ 16, 8.5, 12, 16 ], "rotation": 180, "texture": "#texture", "cullface": "east" }
    }
},
{
    "from": [ 8, -4.875, 7.875 ],
    "to": [ 8.0625, -0.875, 9.875 ],
    "faces": {
        "west":  { "uv": [ 16, 0.5, 12, 8 ], "rotation": 180, "texture": "#texture", "cullface": "west" },
        "east":  { "uv": [ 12, 0.5, 16, 8 ], "rotation": 180, "texture": "#texture", "cullface": "east" }
    }
},
{
    "from": [ 17.1875, 0, 0.6875 ],
    "to": [ 17.25, 11, 11.6875 ],
    "rotation": { "origin": [ 17.1875, 11, 0.6875 ], "axis": "x", "angle": -22.5 },
    "faces": {
        "west":  { "uv": [ 0.5, 11.5, 11.5, 0.5 ], "rotation": 180, "texture": "#texture", "cullface": "west" },
        "east":  { "uv": [ 0.5, 0.5, 11.5, 11.5 ], "texture": "#texture", "cullface": "east" }
    }
},
{
    "from": [ 17.1875, -1.5, -0.5 ],
    "to": [ 17.25, 11.5, 12.5 ],
    "rotation": { "origin": [ 17.1875, 11.5, -0.5 ], "axis": "x", "angle": -22.5 },
    "faces": {
        "west":  { "uv": [ 1.5, 14.5, 14.5, 1.5 ], "rotation": 180, "texture": "#chorus_alpha2", "cullface": "west" },
        "east":  { "uv": [ 1.5, 1.5, 14.5, 14.5 ], "texture": "#chorus_alpha2", "cullface": "east" }
    }
},
{
    "from": [ 17.625, 5.5, 5.5 ],
    "to": [ 17.6875, 10.5, 10.5 ],
    "faces": {
        "west":  { "uv": [ 1.5, 6.5, 6.5, 1.5 ], "rotation": 180, "texture": "#chorus_alpha3", "cullface": "west" },
        "east":  { "uv": [ 1.5, 1.5, 6.5, 6.5 ], "texture": "#chorus_alpha3", "cullface": "east" }
    }
},
{
    "from": [ 17, 1.9375, 8.6875 ],
    "to": [ 17.0625, 13.9375, 13.6875 ],
    "rotation": { "origin": [ 17, 1.9375, 8.6875 ], "axis": "y", "angle": 22.5 },
    "faces": {
        "west":  { "uv": [ 0.5, 12, 5.5, 0 ], "rotation": 180, "texture": "#texture", "cullface": "west" },
        "east":  { "uv": [ 0.5, 0, 5.5, 12 ], "texture": "#texture", "cullface": "east" }
    }
},
{
    "from": [ 19.125, 2, 2.5 ],
    "to": [ 19.1875, 14, 7.5 ],
    "rotation": { "origin": [ 19.125, 2, 2.5 ], "axis": "y", "angle": -22.5 },
    "faces": {
        "west":  { "uv": [ 6.5, 12, 11.5, 0 ], "rotation": 180, "texture": "#texture", "cullface": "west" },
        "east":  { "uv": [ 6.5, 0, 11.5, 12 ], "texture": "#texture", "cullface": "east" }
    }
},
{
    "from": [ 15.875, 1.03856, 1.5 ],
    "to": [ 15.9375, 9.53856, 14.5 ],
    "rotation": { "origin": [ 15.875, 9.53856, 1.5 ], "axis": "z", "angle": 22.5 },
    "faces": {
        "west":  { "uv": [ 1.5, 14.5, 14.5, 6 ], "rotation": 180, "texture": "#chorus_alpha2", "cullface": "west" },
        "east":  { "uv": [ 1.5, 6, 14.5, 14.5 ], "texture": "#chorus_alpha2", "cullface": "east" }
    }
},
{
    "from": [ 19.0625, 5.9375, 1.5 ],
    "to": [ 19.125, 14.4375, 14.5 ],
    "rotation": { "origin": [ 19.0625, 14.4375, 1.5 ], "axis": "z", "angle": -22.5 },
    "faces": {
        "west":  { "uv": [ 1.5, 9.5, 14.5, 1 ], "rotation": 180, "texture": "#chorus_alpha2", "cullface": "west" },
        "east":  { "uv": [ 1.5, 1, 14.5, 9.5 ], "texture": "#chorus_alpha2", "cullface": "east" }
    }
},
{
    "from": [ 17.6875, 6.0625, 8.375 ],
    "to": [ 20.6875, 7.5625, 8.4375 ],
    "rotation": { "origin": [ 17.6875, 7.5625, 8.375 ], "axis": "x", "angle": -45 },
    "faces": {
        "north": { "uv": [ 16, 8.5, 12, 16 ], "rotation": 270, "texture": "#texture", "cullface": "north" },
        "south": { "uv": [ 12, 8.5, 16, 16 ], "rotation": 90, "texture": "#texture", "cullface": "south" }
    }
},
{
    "from": [ 17.6875, 6.0625, 7.5 ],
    "to": [ 20.6875, 7.5625, 7.5625 ],
    "rotation": { "origin": [ 17.6875, 7.5625, 7.5 ], "axis": "x", "angle": 45 },
    "faces": {
        "north": { "uv": [ 16, 8.5, 12, 16 ], "rotation": 270, "texture": "#texture", "cullface": "north" },
        "south": { "uv": [ 12, 8.5, 16, 16 ], "rotation": 90, "texture": "#texture", "cullface": "south" }
    }
},
{
    "from": [ 16.9375, 8, 7.9375 ],
    "to": [ 20.9375, 10, 8 ],
    "faces": {
        "north": { "uv": [ 12, 0.5, 16, 8 ], "rotation": 270, "texture": "#texture", "cullface": "north" },
        "south": { "uv": [ 16, 0.5, 12, 8 ], "rotation": 90, "texture": "#texture", "cullface": "south" }
    }
},
{
    "from": [ 1, 0.0405, -1.25 ],
    "to": [ 12, 11.0405, -1.1875 ],
    "rotation": { "origin": [ 1, 11.0405, -1.25 ], "axis": "z", "angle": 22.5 },
    "faces": {
        "north": { "uv": [ 0.5, 0.5, 11.5, 11.5 ], "texture": "#texture", "cullface": "north" },
        "south": { "uv": [ 0.5, 11.5, 11.5, 0.5 ], "rotation": 180, "texture": "#texture", "cullface": "south" }
    }
},
{
    "from": [ -0.5, -1.47488, -1.25 ],
    "to": [ 12.5, 11.5251, -1.1875 ],
    "rotation": { "origin": [ -0.5, 11.5251, -1.25 ], "axis": "z", "angle": 22.5 },
    "faces": {
        "north": { "uv": [ 1.5, 1.5, 14.5, 14.5 ], "texture": "#chorus_alpha2", "cullface": "north" },
        "south": { "uv": [ 1.5, 14.5, 14.5, 1.5 ], "rotation": 180, "texture": "#chorus_alpha2", "cullface": "south" }
    }
},
{
    "from": [ 5.5, 5.5, -1.6875 ],
    "to": [ 10.5, 10.5, -1.625 ],
    "faces": {
        "north": { "uv": [ 1.5, 1.5, 6.5, 6.5 ], "texture": "#chorus_alpha3", "cullface": "north" },
        "south": { "uv": [ 1.5, 6.5, 6.5, 1.5 ], "rotation": 180, "texture": "#chorus_alpha3", "cullface": "south" }
    }
},
{
    "from": [ 8.6875, 2, -1 ],
    "to": [ 13.6875, 14, -0.9375 ],
    "rotation": { "origin": [ 8.6875, 2, -1 ], "axis": "y", "angle": 22.5 },
    "faces": {
        "north": { "uv": [ 0.5, 0, 5.5, 12 ], "texture": "#texture", "cullface": "north" },
        "south": { "uv": [ 0.5, 12, 5.5, 0 ], "rotation": 180, "texture": "#texture", "cullface": "south" }
    }
},
{
    "from": [ 2.4375, 1.875, -2.8125 ],
    "to": [ 7.4375, 13.875, -2.75 ],
    "rotation": { "origin": [ 2.4375, 1.875, -2.8125 ], "axis": "y", "angle": -22.5 },
    "faces": {
        "north": { "uv": [ 6.5, 0, 11.5, 12 ], "texture": "#texture", "cullface": "north" },
        "south": { "uv": [ 6.5, 12, 11.5, 0 ], "rotation": 180, "texture": "#texture", "cullface": "south" }
    }
},
{
    "from": [ 1.4375, 1, 0.25 ],
    "to": [ 14.4375, 9.5, 0.3125 ],
    "rotation": { "origin": [ 1.4375, 9.5, 0.25 ], "axis": "x", "angle": 22.5 },
    "faces": {
        "north": { "uv": [ 1.5, 6, 14.5, 14.5 ], "texture": "#chorus_alpha2", "cullface": "north" },
        "south": { "uv": [ 1.5, 14.5, 14.5, 6 ], "rotation": 180, "texture": "#chorus_alpha2", "cullface": "south" }
    }
},
{
    "from": [ 1.4375, 5.875, -3.125 ],
    "to": [ 14.4375, 14.375, -3.0625 ],
    "rotation": { "origin": [ 1.4375, 14.375, -3.125 ], "axis": "x", "angle": -22.5 },
    "faces": {
        "north": { "uv": [ 1.5, 1, 14.5, 9.5 ], "texture": "#chorus_alpha2", "cullface": "north" },
        "south": { "uv": [ 1.5, 9.5, 14.5, 1 ], "rotation": 180, "texture": "#chorus_alpha2", "cullface": "south" }
    }
},
{
    "from": [ 8.4375, 6.14331, -4.6875 ],
    "to": [ 8.5, 7.64331, -1.6875 ],
    "rotation": { "origin": [ 8.4375, 7.64331, -4.6875 ], "axis": "z", "angle": 45 },
    "faces": {
        "west":  { "uv": [ 16, 8.5, 12, 16 ], "rotation": 270, "texture": "#texture", "cullface": "west" },
        "east":  { "uv": [ 12, 8.5, 16, 16 ], "rotation": 90, "texture": "#texture", "cullface": "east" }
    }
},
{
    "from": [ 7.4375, 6.125, -4.6875 ],
    "to": [ 7.5, 7.625, -1.6875 ],
    "rotation": { "origin": [ 7.4375, 7.625, -4.6875 ], "axis": "z", "angle": -45 },
    "faces": {
        "west":  { "uv": [ 16, 8.5, 12, 16 ], "rotation": 270, "texture": "#texture", "cullface": "west" },
        "east":  { "uv": [ 12, 8.5, 16, 16 ], "rotation": 90, "texture": "#texture", "cullface": "east" }
    }
},
{
    "from": [ 7.9375, 8, -4.9375 ],
    "to": [ 8, 10, -0.9375 ],
    "faces": {
        "west":  { "uv": [ 12, 0.5, 16, 8 ], "rotation": 270, "texture": "#texture", "cullface": "west" },
        "east":  { "uv": [ 16, 0.5, 12, 8 ], "rotation": 90, "texture": "#texture", "cullface": "east" }
    }
},
{
    "from": [ 0.875, 0.0405, 17.1875 ],
    "to": [ 11.875, 11.0405, 17.25 ],
    "rotation": { "origin": [ 0.875, 11.0405, 17.1875 ], "axis": "z", "angle": 22.5 },
    "faces": {
        "north": { "uv": [ 0.5, 11.5, 11.5, 0.5 ], "rotation": 180, "texture": "#texture", "cullface": "north" },
        "south": { "uv": [ 0.5, 0.5, 11.5, 11.5 ], "texture": "#texture", "cullface": "south" }
    }
},
{
    "from": [ -0.5, -1.47488, 17.1875 ],
    "to": [ 12.5, 11.5251, 17.25 ],
    "rotation": { "origin": [ -0.5, 11.5251, 17.1875 ], "axis": "z", "angle": 22.5 },
    "faces": {
        "north": { "uv": [ 1.5, 14.5, 14.5, 1.5 ], "rotation": 180, "texture": "#chorus_alpha2", "cullface": "north" },
        "south": { "uv": [ 1.5, 1.5, 14.5, 14.5 ], "texture": "#chorus_alpha2", "cullface": "south" }
    }
},
{
    "from": [ 5.5, 5.5, 17.375 ],
    "to": [ 10.5, 10.5, 17.4375 ],
    "faces": {
        "north": { "uv": [ 1.5, 6.5, 6.5, 1.5 ], "rotation": 180, "texture": "#chorus_alpha3", "cullface": "north" },
        "south": { "uv": [ 1.5, 1.5, 6.5, 6.5 ], "texture": "#chorus_alpha3", "cullface": "south" }
    }
},
{
    "from": [ 2.8125, 2, 18.875 ],
    "to": [ 7.8125, 14, 18.9375 ],
    "rotation": { "origin": [ 2.8125, 2, 18.875 ], "axis": "y", "angle": 22.5 },
    "faces": {
        "north": { "uv": [ 0.5, 12, 5.5, 0 ], "rotation": 180, "texture": "#texture", "cullface": "north" },
        "south": { "uv": [ 0.5, 0, 5.5, 12 ], "texture": "#texture", "cullface": "south" }
    }
},
{
    "from": [ 8.375, 2, 16.75 ],
    "to": [ 13.375, 14, 16.8125 ],
    "rotation": { "origin": [ 8.375, 2, 16.75 ], "axis": "y", "angle": -22.5 },
    "faces": {
        "north": { "uv": [ 6.5, 12, 11.5, 0 ], "rotation": 180, "texture": "#texture", "cullface": "north" },
        "south": { "uv": [ 6.5, 0, 11.5, 12 ], "texture": "#texture", "cullface": "south" }
    }
},
{
    "from": [ 1.5, 1.125, 15.6875 ],
    "to": [ 14.5, 9.625, 15.75 ],
    "rotation": { "origin": [ 1.5, 9.625, 15.6875 ], "axis": "x", "angle": -22.5 },
    "faces": {
        "north": { "uv": [ 1.5, 14.5, 14.5, 6 ], "rotation": 180, "texture": "#chorus_alpha2", "cullface": "north" },
        "south": { "uv": [ 1.5, 6, 14.5, 14.5 ], "texture": "#chorus_alpha2", "cullface": "south" }
    }
},
{
    "from": [ 1.5, 6, 19.1875 ],
    "to": [ 14.5, 14.5, 19.25 ],
    "rotation": { "origin": [ 1.5, 14.5, 19.1875 ], "axis": "x", "angle": 22.5 },
    "faces": {
        "north": { "uv": [ 1.5, 9.5, 14.5, 1 ], "rotation": 180, "texture": "#chorus_alpha2", "cullface": "north" },
        "south": { "uv": [ 1.5, 1, 14.5, 9.5 ], "texture": "#chorus_alpha2", "cullface": "south" }
    }
},
{
    "from": [ 7.625, 6.0625, 17.6875 ],
    "to": [ 7.6875, 7.5625, 20.6875 ],
    "rotation": { "origin": [ 7.625, 7.5625, 17.6875 ], "axis": "z", "angle": -45 },
    "faces": {
        "west":  { "uv": [ 12, 8.5, 16, 16 ], "rotation": 90, "texture": "#texture", "cullface": "west" },
        "east":  { "uv": [ 16, 8.5, 12, 16 ], "rotation": 270, "texture": "#texture", "cullface": "east" }
    }
},
{
    "from": [ 8.4375, 6.08081, 17.6875 ],
    "to": [ 8.5, 7.58081, 20.6875 ],
    "rotation": { "origin": [ 8.4375, 7.58081, 17.6875 ], "axis": "z", "angle": 45 },
    "faces": {
        "west":  { "uv": [ 12, 8.5, 16, 16 ], "rotation": 90, "texture": "#texture", "cullface": "west" },
        "east":  { "uv": [ 16, 8.5, 12, 16 ], "rotation": 270, "texture": "#texture", "cullface": "east" }
    }
},
{
    "from": [ 8, 8, 16.9375 ],
    "to": [ 8.0625, 10, 20.9375 ],
    "faces": {
        "west":  { "uv": [ 16, 0.5, 12, 8 ], "rotation": 90, "texture": "#texture", "cullface": "west" },
        "east":  { "uv": [ 12, 0.5, 16, 8 ], "rotation": 270, "texture": "#texture", "cullface": "east" }
    }
},
{
    "from": [ -1.25, 0, 1 ],
    "to": [ -1.1875, 11, 12 ],
    "rotation": { "origin": [ -1.25, 11, 1 ], "axis": "x", "angle": -22.5 },
    "faces": {
        "west":  { "uv": [ 0.5, 0.5, 11.5, 11.5 ], "texture": "#texture", "cullface": "west" },
        "east":  { "uv": [ 0.5, 11.5, 11.5, 0.5 ], "rotation": 180, "texture": "#texture", "cullface": "east" }
    }
},
{
    "from": [ -1.25, -1.5, -0.5 ],
    "to": [ -1.1875, 11.5, 12.5 ],
    "rotation": { "origin": [ -1.25, 11.5, -0.5 ], "axis": "x", "angle": -22.5 },
    "faces": {
        "west":  { "uv": [ 1.5, 1.5, 14.5, 14.5 ], "texture": "#chorus_alpha2", "cullface": "west" },
        "east":  { "uv": [ 1.5, 14.5, 14.5, 1.5 ], "rotation": 180, "texture": "#chorus_alpha2", "cullface": "east" }
    }
},
{
    "from": [ -1.75, 5.5, 5.5 ],
    "to": [ -1.6875, 10.5, 10.5 ],
    "faces": {
        "west":  { "uv": [ 1.5, 1.5, 6.5, 6.5 ], "texture": "#chorus_alpha3", "cullface": "west" },
        "east":  { "uv": [ 1.5, 6.5, 6.5, 1.5 ], "rotation": 180, "texture": "#chorus_alpha3", "cullface": "east" }
    }
},
{
    "from": [ -3.1875, 2, 2.5 ],
    "to": [ -3.125, 14, 7.5 ],
    "rotation": { "origin": [ -3.1875, 2, 2.5 ], "axis": "y", "angle": 22.5 },
    "faces": {
        "west":  { "uv": [ 0.5, 0, 5.5, 12 ], "texture": "#texture", "cullface": "west" },
        "east":  { "uv": [ 0.5, 12, 5.5, 0 ], "rotation": 180, "texture": "#texture", "cullface": "east" }
    }
},
{
    "from": [ -1.25, 2, 8.625 ],
    "to": [ -1.1875, 14, 13.625 ],
    "rotation": { "origin": [ -1.25, 2, 8.625 ], "axis": "y", "angle": -22.5 },
    "faces": {
        "west":  { "uv": [ 6.5, 0, 11.5, 12 ], "texture": "#texture", "cullface": "west" },
        "east":  { "uv": [ 6.5, 12, 11.5, 0 ], "rotation": 180, "texture": "#texture", "cullface": "east" }
    }
},
{
    "from": [ 0.0625, 1, 1.5 ],
    "to": [ 0.125, 9.5, 14.5 ],
    "rotation": { "origin": [ 0.0625, 9.5, 1.5 ], "axis": "z", "angle": -22.5 },
    "faces": {
        "west":  { "uv": [ 1.5, 6, 14.5, 14.5 ], "texture": "#chorus_alpha2", "cullface": "west" },
        "east":  { "uv": [ 1.5, 14.5, 14.5, 6 ], "rotation": 180, "texture": "#chorus_alpha2", "cullface": "east" }
    }
},
{
    "from": [ -3.25, 6.03856, 1.5 ],
    "to": [ -3.1875, 14.5386, 14.5 ],
    "rotation": { "origin": [ -3.25, 14.5386, 1.5 ], "axis": "z", "angle": 22.5 },
    "faces": {
        "west":  { "uv": [ 1.5, 1, 14.5, 9.5 ], "texture": "#chorus_alpha2", "cullface": "west" },
        "east":  { "uv": [ 1.5, 9.5, 14.5, 1 ], "rotation": 180, "texture": "#chorus_alpha2", "cullface": "east" }
    }
},
{
    "from": [ -4.6875, 6.125, 7.5 ],
    "to": [ -1.6875, 7.625, 7.5625 ],
    "rotation": { "origin": [ -4.6875, 7.625, 7.5 ], "axis": "x", "angle": 45 },
    "faces": {
        "north": { "uv": [ 12, 8.5, 16, 16 ], "rotation": 90, "texture": "#texture", "cullface": "north" },
        "south": { "uv": [ 16, 8.5, 12, 16 ], "rotation": 270, "texture": "#texture", "cullface": "south" }
    }
},
{
    "from": [ -4.5, 6.01831, 8.5 ],
    "to": [ -1.5, 7.51831, 8.5625 ],
    "rotation": { "origin": [ -4.5, 7.51831, 8.5 ], "axis": "x", "angle": -45 },
    "faces": {
        "north": { "uv": [ 12, 8.5, 16, 16 ], "rotation": 90, "texture": "#texture", "cullface": "north" },
        "south": { "uv": [ 16, 8.5, 12, 16 ], "rotation": 270, "texture": "#texture", "cullface": "south" }
    }
},
{
    "from": [ -4.9375, 8, 8 ],
    "to": [ -0.9375, 10, 8.0625 ],
    "faces": {
        "north": { "uv": [ 16, 0.5, 12, 8 ], "rotation": 90, "texture": "#texture", "cullface": "north" },
        "south": { "uv": [ 12, 0.5, 16, 8 ], "rotation": 270, "texture": "#texture", "cullface": "south" }
    }
},
{
    "from": [ 2, 4, 8 ],
    "to": [ 14, 16, 20 ],
    "rotation": { "origin": [ 2, 16, 8 ], "axis": "x", "angle": 45 },
    "faces": {
        "down":  { "uv": [ 14, 14, 2, 2 ], "texture": "#particle" },
        "up":    { "uv": [ 2, 2, 14, 14 ], "texture": "#particle" },
        "north": { "uv": [ 2, 2, 14, 14 ], "texture": "#particle" },
        "south": { "uv": [ 2, 2, 14, 14 ], "texture": "#particle" },
        "west":  { "uv": [ 2, 2, 14, 14 ], "texture": "#particle" },
        "east":  { "uv": [ 2, 2, 14, 14 ], "texture": "#particle" }
    }
},
{
    "from": [ 7.98531, 2, -0.5 ],
    "to": [ 19.9853, 14, 11.5 ],
    "rotation": { "origin": [ 7.98531, 2, -0.5 ], "axis": "y", "angle": -45 },
    "faces": {
        "down":  { "uv": [ 14, 14, 2, 2 ], "texture": "#particle" },
        "up":    { "uv": [ 2, 2, 14, 14 ], "texture": "#particle" },
        "north": { "uv": [ 2, 2, 14, 14 ], "texture": "#particle" },
        "south": { "uv": [ 2, 2, 14, 14 ], "texture": "#particle" },
        "west":  { "uv": [ 2, 2, 14, 14 ], "texture": "#particle" },
        "east":  { "uv": [ 2, 2, 14, 14 ], "texture": "#particle" }
    }
},
{
    "from": [ -0.5, -4, 2 ],
    "to": [ 11.5, 8, 14 ],
    "rotation": { "origin": [ -0.5, 8, 2 ], "axis": "z", "angle": 45 },
    "faces": {
        "down":  { "uv": [ 14, 14, 2, 2 ], "texture": "#particle" },
        "up":    { "uv": [ 2, 2, 14, 14 ], "texture": "#particle" },
        "north": { "uv": [ 2, 2, 14, 14 ], "texture": "#particle" },
        "south": { "uv": [ 2, 2, 14, 14 ], "texture": "#particle" },
        "west":  { "uv": [ 2, 2, 14, 14 ], "texture": "#particle" },
        "east":  { "uv": [ 2, 2, 14, 14 ], "texture": "#particle" }
    }
},
{
    "from": [ 0.875, 16.8125, 5.08452 ],
    "to": [ 11.875, 16.875, 16.0845 ],
    "rotation": { "origin": [ 0.875, 16.8125, 5.08452 ], "axis": "y", "angle": 22.5 },
    "faces": {
        "down":  { "uv": [ 0.5, 11.5, 11.5, 0.5 ], "texture": "#texture", "cullface": "down" },
        "up":    { "uv": [ 0.5, 0.5, 11.5, 11.5 ], "texture": "#texture", "cullface": "up" }
    }
},
{
    "from": [ -0.5, 16.875, 4.47489 ],
    "to": [ 12.5, 16.9375, 17.4749 ],
    "rotation": { "origin": [ -0.5, 16.875, 4.47489 ], "axis": "y", "angle": 22.5 },
    "faces": {
        "down":  { "uv": [ 1.5, 14.5, 14.5, 1.5 ], "texture": "#chorus_alpha2", "cullface": "down" },
        "up":    { "uv": [ 1.5, 1.5, 14.5, 14.5 ], "texture": "#chorus_alpha2", "cullface": "up" }
    }
},
{
    "from": [ 5.5, 17.125, 5.5 ],
    "to": [ 10.5, 17.1875, 10.5 ],
    "faces": {
        "down":  { "uv": [ 1.5, 6.5, 6.5, 1.5 ], "texture": "#chorus_alpha3", "cullface": "down" },
        "up":    { "uv": [ 1.5, 1.5, 6.5, 6.5 ], "texture": "#chorus_alpha3", "cullface": "up" }
    }
},
{
    "from": [ 2.77392, 18.5625, 2 ],
    "to": [ 7.77392, 18.625, 14 ],
    "rotation": { "origin": [ 2.77392, 18.625, 2 ], "axis": "z", "angle": -22.5 },
    "faces": {
        "down":  { "uv": [ 0.5, 12, 5.5, 0 ], "texture": "#texture", "cullface": "down" },
        "up":    { "uv": [ 0.5, 0, 5.5, 12 ], "texture": "#texture", "cullface": "up" }
    }
},
{
    "from": [ 8.75, 16.7741, 2 ],
    "to": [ 13.75, 16.8366, 14 ],
    "rotation": { "origin": [ 8.75, 16.8366, 2 ], "axis": "z", "angle": 22.5 },
    "faces": {
        "down":  { "uv": [ 6.5, 12, 11.5, 0 ], "texture": "#texture", "cullface": "down" },
        "up":    { "uv": [ 6.5, 0, 11.5, 12 ], "texture": "#texture", "cullface": "up" }
    }
},
{
    "from": [ 1.5, 15.5, 6.5625 ],
    "to": [ 14.5, 15.5625, 15.0625 ],
    "rotation": { "origin": [ 1.5, 15.5625, 6.5625 ], "axis": "x", "angle": -22.5 },
    "faces": {
        "down":  { "uv": [ 1.5, 14.5, 14.5, 6 ], "texture": "#chorus_alpha2", "cullface": "down" },
        "up":    { "uv": [ 1.5, 6, 14.5, 14.5 ], "texture": "#chorus_alpha2", "cullface": "up" }
    }
},
{
    "from": [ 1.5, 18.8125, 1.33642 ],
    "to": [ 14.5, 18.875, 9.83642 ],
    "rotation": { "origin": [ 1.5, 18.875, 1.33642 ], "axis": "x", "angle": 22.5 },
    "faces": {
        "down":  { "uv": [ 1.5, 9.5, 14.5, 1 ], "texture": "#chorus_alpha2", "cullface": "down" },
        "up":    { "uv": [ 1.5, 1, 14.5, 9.5 ], "texture": "#chorus_alpha2", "cullface": "up" }
    }
},
{
    "from": [ 7.5, 17.25, 8.4375 ],
    "to": [ 7.5625, 20.25, 9.9375 ],
    "rotation": { "origin": [ 7.5, 17.25, 8.4375 ], "axis": "y", "angle": -45 },
    "faces": {
        "west":  { "uv": [ 12, 8.5, 16, 16 ], "texture": "#texture", "cullface": "west" },
        "east":  { "uv": [ 16, 8.5, 12, 16 ], "texture": "#texture", "cullface": "east" }
    }
},
{
    "from": [ 8.5, 17.25, 8.41919 ],
    "to": [ 8.5625, 20.25, 9.91919 ],
    "rotation": { "origin": [ 8.5, 17.25, 8.41919 ], "axis": "y", "angle": 45 },
    "faces": {
        "west":  { "uv": [ 12, 8.5, 16, 16 ], "texture": "#texture", "cullface": "west" },
        "east":  { "uv": [ 16, 8.5, 12, 16 ], "texture": "#texture", "cullface": "east" }
    }
},
{
    "from": [ 8, 16.5, 6 ],
    "to": [ 8.0625, 20.5, 8 ],
    "faces": {
        "west":  { "uv": [ 16, 0.5, 12, 8 ], "texture": "#texture", "cullface": "west" },
        "east":  { "uv": [ 12, 0.5, 16, 8 ], "texture": "#texture", "cullface": "east" }
    }
},
{
    "from": [ 4, 4, 0 ],
    "to": [ 12, 12, 16 ],
    "faces": {
        "down":  { "uv": [ 4, 0, 12, 16 ], "texture": "#particle" },
        "up":    { "uv": [ 4, 0, 12, 16 ], "texture": "#particle" },
        "north": { "uv": [ 4, 4, 12, 12 ], "texture": "#particle" },
        "south": { "uv": [ 4, 4, 12, 12 ], "texture": "#particle" },
        "west":  { "uv": [ 0, 4, 16, 12 ], "texture": "#particle" },
        "east":  { "uv": [ 0, 4, 16, 12 ], "texture": "#particle" }
    }
},
{
    "from": [ 0, 4, 4 ],
    "to": [ 16, 12, 12 ],
    "faces": {
        "down":  { "uv": [ 0, 4, 16, 12 ], "texture": "#particle" },
        "up":    { "uv": [ 0, 4, 16, 12 ], "texture": "#particle" },
        "north": { "uv": [ 0, 4, 16, 12 ], "texture": "#particle" },
        "south": { "uv": [ 0, 4, 16, 12 ], "texture": "#particle" },
        "west":  { "uv": [ 4, 4, 12, 12 ], "texture": "#particle" },
        "east":  { "uv": [ 4, 4, 12, 12 ], "texture": "#particle" }
    }
},
{
    "from": [ 4, 0, 4 ],
    "to": [ 12, 16, 12 ],
    "faces": {
        "down":  { "uv": [ 4, 4, 12, 12 ], "texture": "#particle" },
        "up":    { "uv": [ 4, 4, 12, 12 ], "texture": "#particle" },
        "north": { "uv": [ 4, 0, 12, 16 ], "texture": "#particle" },
        "south": { "uv": [ 4, 0, 12, 16 ], "texture": "#particle" },
        "west":  { "uv": [ 4, 0, 12, 16 ], "texture": "#particle" },
        "east":  { "uv": [ 4, 0, 12, 16 ], "texture": "#particle" }
    }
}
]
}