{
	"__comment": "Designed by the resident Inuit with BDcraft Cubik PRO 0.95 Beta - http://bdcraft.net",
	"textures": {
		"particle": "block/dark_oak_planks",
		"texture": "block/_bdc/buttons"
	},
	"elements": [ 	 
		{
			"from": [ 5, 0, 6 ],
			"to": [ 11, 1, 10 ],
			"faces": {
				"up": { "uv": [ 0, 8, 6, 12 ], "texture": "#texture", "rotation": 180 },
				"north": { "uv": [ 16, 5, 10, 4 ], "texture": "#texture", "rotation": 180 },
				"south": { "uv": [ 10, 5, 16, 6 ], "texture": "#texture", "rotation": 180 },
				"west": { "uv": [ 6, 5, 10, 4 ], "texture": "#texture", "rotation": 180 },
				"east": { "uv": [ 10, 5, 6, 6 ], "texture": "#texture", "rotation": 180 }
			}
		}
	]
}