{
	"__comment": "Designed by Sphax with Cubik for PureBDcraft - http://bdcraft.net",
	"parent": "block/block",
	"ambientocclusion": false,
	"textures": {
		"particle": "block/daylight_detector_top",
		"side": "block/daylight_detector_side",
		"top": "block/daylight_detector_inverted_top",
		"bottom": "block/_bdc/daylight_detector_bottom"
	},
	"elements": [
		{
			"__comment": "inner",
			"from": [ 2, 0, 2 ],
			"to": [ 14, 4.5, 14 ],
			"faces": {
				"down": { "uv": [ 2, 14, 14, 2 ], "texture": "#bottom" },
				"up": { "uv": [ 2, 2, 14, 14 ], "texture": "#top" }
			}
		},
		{
			"__comment": "Detector",
			"from": [ 12.5, 4.5, 12.5 ],
			"to": [ 14, 5, 14 ],
			"faces": {
				"up": { "uv": [ 12.5, 12.5, 14, 14 ], "texture": "#top" },
				"north": { "uv": [ 14, 11, 12.5, 11.5 ], "texture": "#top" },
				"west": { "uv": [ 12.5, 11, 14, 11.5 ], "texture": "#top" }
			}
		},
		{
			"__comment": "Detector",
			"from": [ 12.5, 4.5, 10 ],
			"to": [ 14, 5, 12 ],
			"faces": {
				"up": { "uv": [ 12.5, 10, 14, 12 ], "texture": "#top" },
				"north": { "uv": [ 14, 11, 12.5, 11.5 ], "texture": "#top" },
				"south": { "uv": [ 12.5, 11, 14, 11.5 ], "texture": "#top" },
				"west": { "uv": [ 10, 11, 12, 11.5 ], "texture": "#top" }
			}
		},
		{
			"__comment": "Detector",
			"from": [ 12.5, 4.5, 6.5 ],
			"to": [ 14, 5, 9.5 ],
			"faces": {
				"up": { "uv": [ 12.5, 6.5, 14, 9.5 ], "texture": "#top" },
				"north": { "uv": [ 14, 11, 12.5, 11.5 ], "texture": "#top" },
				"south": { "uv": [ 12.5, 11, 14, 11.5 ], "texture": "#top" },
				"west": { "uv": [ 6.5, 11, 9.5, 11.5 ], "texture": "#top" }
			}
		},
		{
			"__comment": "Detector",
			"from": [ 12.5, 4.5, 4 ],
			"to": [ 14, 5, 6 ],
			"faces": {
				"up": { "uv": [ 12.5, 4, 14, 6 ], "texture": "#top" },
				"north": { "uv": [ 14, 11, 12.5, 11.5 ], "texture": "#top" },
				"south": { "uv": [ 12.5, 11, 14, 11.5 ], "texture": "#top" },
				"west": { "uv": [ 4, 11, 6, 11.5 ], "texture": "#top" }
			}
		},
		{
			"__comment": "Detector",
			"from": [ 10, 4.5, 12.5 ],
			"to": [ 12, 5, 14 ],
			"faces": {
				"up": { "uv": [ 10, 12.5, 12, 14 ], "texture": "#top" },
				"north": { "uv": [ 12, 11, 10, 11.5 ], "texture": "#top" },
				"west": { "uv": [ 12.5, 11, 14, 11.5 ], "texture": "#top" },
				"east": { "uv": [ 14, 11, 12.5, 11.5 ], "texture": "#top" }
			}
		},
		{
			"__comment": "Detector",
			"from": [ 10, 4.5, 10 ],
			"to": [ 12, 5, 12 ],
			"faces": {
				"up": { "uv": [ 10, 10, 12, 12 ], "texture": "#top" },
				"north": { "uv": [ 12, 11, 10, 11.5 ], "texture": "#top" },
				"south": { "uv": [ 10, 11, 12, 11.5 ], "texture": "#top" },
				"west": { "uv": [ 10, 11, 12, 11.5 ], "texture": "#top" },
				"east": { "uv": [ 12, 11, 10, 11.5 ], "texture": "#top" }
			}
		},
		{
			"__comment": "Detector",
			"from": [ 10, 4.5, 6.5 ],
			"to": [ 12, 5, 9.5 ],
			"faces": {
				"up": { "uv": [ 10, 6.5, 12, 9.5 ], "texture": "#top" },
				"north": { "uv": [ 12, 11, 10, 11.5 ], "texture": "#top" },
				"south": { "uv": [ 10, 11, 12, 11.5 ], "texture": "#top" },
				"west": { "uv": [ 6.5, 11, 9.5, 11.5 ], "texture": "#top" },
				"east": { "uv": [ 9.5, 11, 6.5, 11.5 ], "texture": "#top" }
			}
		},
		{
			"__comment": "Detector",
			"from": [ 10, 4.5, 4 ],
			"to": [ 12, 5, 6 ],
			"faces": {
				"up": { "uv": [ 10, 4, 12, 6 ], "texture": "#top" },
				"north": { "uv": [ 12, 11, 10, 11.5 ], "texture": "#top" },
				"south": { "uv": [ 10, 11, 12, 11.5 ], "texture": "#top" },
				"west": { "uv": [ 4, 11, 6, 11.5 ], "texture": "#top" },
				"east": { "uv": [ 6, 11, 4, 11.5 ], "texture": "#top" }
			}
		},
		{
			"__comment": "Detector",
			"from": [ 6.5, 4.5, 12.5 ],
			"to": [ 9.5, 5, 14 ],
			"faces": {
				"up": { "uv": [ 6.5, 12.5, 9.5, 14 ], "texture": "#top" },
				"north": { "uv": [ 9.5, 11, 6.5, 11.5 ], "texture": "#top" },
				"west": { "uv": [ 12.5, 11, 14, 11.5 ], "texture": "#top" },
				"east": { "uv": [ 14, 11, 12.5, 11.5 ], "texture": "#top" }
			}
		},
		{
			"__comment": "Detector",
			"from": [ 6.5, 4.5, 10 ],
			"to": [ 9.5, 5, 12 ],
			"faces": {
				"up": { "uv": [ 6.5, 10, 9.5, 12 ], "texture": "#top" },
				"north": { "uv": [ 9.5, 11, 6.5, 11.5 ], "texture": "#top" },
				"south": { "uv": [ 6.5, 11, 9.5, 11.5 ], "texture": "#top" },
				"west": { "uv": [ 10, 11, 12, 11.5 ], "texture": "#top" },
				"east": { "uv": [ 12, 11, 10, 11.5 ], "texture": "#top" }
			}
		},
		{
			"__comment": "Detector",
			"from": [ 6.5, 4.5, 6.5 ],
			"to": [ 9.5, 5, 9.5 ],
			"faces": {
				"up": { "uv": [ 6.5, 6.5, 9.5, 9.5 ], "texture": "#top" },
				"north": { "uv": [ 9.5, 11, 6.5, 11.5 ], "texture": "#top" },
				"south": { "uv": [ 6.5, 11, 9.5, 11.5 ], "texture": "#top" },
				"west": { "uv": [ 6.5, 11, 9.5, 11.5 ], "texture": "#top" },
				"east": { "uv": [ 9.5, 11, 6.5, 11.5 ], "texture": "#top" }
			}
		},
		{
			"__comment": "Detector",
			"from": [ 6.5, 4.5, 4 ],
			"to": [ 9.5, 5, 6 ],
			"faces": {
				"up": { "uv": [ 6.5, 4, 9.5, 6 ], "texture": "#top" },
				"north": { "uv": [ 9.5, 11, 6.5, 11.5 ], "texture": "#top" },
				"south": { "uv": [ 6.5, 11, 9.5, 11.5 ], "texture": "#top" },
				"west": { "uv": [ 4, 11, 6, 11.5 ], "texture": "#top" },
				"east": { "uv": [ 6, 11, 4, 11.5 ], "texture": "#top" }
			}
		},
		{
			"__comment": "Detector",
			"from": [ 4, 4.5, 12.5 ],
			"to": [ 6, 5, 14 ],
			"faces": {
				"up": { "uv": [ 4, 12.5, 6, 14 ], "texture": "#top" },
				"north": { "uv": [ 6, 11, 4, 11.5 ], "texture": "#top" },
				"west": { "uv": [ 12.5, 11, 14, 11.5 ], "texture": "#top" },
				"east": { "uv": [ 14, 11, 12.5, 11.5 ], "texture": "#top" }
			}
		},
		{
			"__comment": "Detector",
			"from": [ 4, 4.5, 10 ],
			"to": [ 6, 5, 12 ],
			"faces": {
				"up": { "uv": [ 4, 10, 6, 12 ], "texture": "#top" },
				"north": { "uv": [ 6, 11, 4, 11.5 ], "texture": "#top" },
				"south": { "uv": [ 4, 11, 6, 11.5 ], "texture": "#top" },
				"west": { "uv": [ 10, 11, 12, 11.5 ], "texture": "#top" },
				"east": { "uv": [ 12, 11, 10, 11.5 ], "texture": "#top" }
			}
		},
		{
			"__comment": "Detector",
			"from": [ 4, 4.5, 6.5 ],
			"to": [ 6, 5, 9.5 ],
			"faces": {
				"up": { "uv": [ 4, 6.5, 6, 9.5 ], "texture": "#top" },
				"north": { "uv": [ 6, 11, 4, 11.5 ], "texture": "#top" },
				"south": { "uv": [ 4, 11, 6, 11.5 ], "texture": "#top" },
				"west": { "uv": [ 6.5, 11, 9.5, 11.5 ], "texture": "#top" },
				"east": { "uv": [ 9.5, 11, 6.5, 11.5 ], "texture": "#top" }
			}
		},
		{
			"__comment": "Detector",
			"from": [ 4, 4.5, 4 ],
			"to": [ 6, 5, 6 ],
			"faces": {
				"up": { "uv": [ 4, 4, 6, 6 ], "texture": "#top" },
				"north": { "uv": [ 6, 11, 4, 11.5 ], "texture": "#top" },
				"south": { "uv": [ 4, 11, 6, 11.5 ], "texture": "#top" },
				"west": { "uv": [ 4, 11, 6, 11.5 ], "texture": "#top" },
				"east": { "uv": [ 6, 11, 4, 11.5 ], "texture": "#top" }
			}
		},
		{
			"__comment": "Detector",
			"from": [ 2, 4.5, 12.5 ],
			"to": [ 3.5, 5, 14 ],
			"faces": {
				"up": { "uv": [ 2, 12.5, 3.5, 14 ], "texture": "#top" },
				"north": { "uv": [ 3.5, 11, 2, 11.5 ], "texture": "#top" },
				"east": { "uv": [ 14, 11, 12.5, 11.5 ], "texture": "#top" }
			}
		},
		{
			"__comment": "Detector",
			"from": [ 2, 4.5, 10 ],
			"to": [ 3.5, 5, 12 ],
			"faces": {
				"up": { "uv": [ 2, 10, 3.5, 12 ], "texture": "#top" },
				"north": { "uv": [ 3.5, 11, 2, 11.5 ], "texture": "#top" },
				"south": { "uv": [ 2, 11, 3.5, 11.5 ], "texture": "#top" },
				"east": { "uv": [ 12, 11, 10, 11.5 ], "texture": "#top" }
			}
		},
		{
			"__comment": "Detector",
			"from": [ 2, 4.5, 6.5 ],
			"to": [ 3.5, 5, 9.5 ],
			"faces": {
				"up": { "uv": [ 2, 6.5, 3.5, 9.5 ], "texture": "#top" },
				"north": { "uv": [ 3.5, 11, 2, 11.5 ], "texture": "#top" },
				"south": { "uv": [ 2, 11, 3.5, 11.5 ], "texture": "#top" },
				"east": { "uv": [ 9.5, 11, 6.5, 11.5 ], "texture": "#top" }
			}
		},
		{
			"__comment": "Detector",
			"from": [ 2, 4.5, 4 ],
			"to": [ 3.5, 5, 6 ],
			"faces": {
				"up": { "uv": [ 2, 4, 3.5, 6 ], "texture": "#top" },
				"north": { "uv": [ 3.5, 11, 2, 11.5 ], "texture": "#top" },
				"south": { "uv": [ 2, 11, 3.5, 11.5 ], "texture": "#top" },
				"east": { "uv": [ 6, 11, 4, 11.5 ], "texture": "#top" }
			}
		},
		{
			"__comment": "Detector",
			"from": [ 12.5, 4.5, 2 ],
			"to": [ 14, 5, 3.5 ],
			"faces": {
				"up": { "uv": [ 12.5, 2, 14, 3.5 ], "texture": "#top" },
				"south": { "uv": [ 12.5, 11, 14, 11.5 ], "texture": "#top" },
				"west": { "uv": [ 2, 11, 3.5, 11.5 ], "texture": "#top" }
			}
		},
		{
			"__comment": "Detector",
			"from": [ 10, 4.5, 2 ],
			"to": [ 12, 5, 3.5 ],
			"faces": {
				"up": { "uv": [ 10, 2, 12, 3.5 ], "texture": "#top" },
				"south": { "uv": [ 10, 11, 12, 11.5 ], "texture": "#top" },
				"west": { "uv": [ 2, 11, 3.5, 11.5 ], "texture": "#top" },
				"east": { "uv": [ 3.5, 11, 2, 11.5 ], "texture": "#top" }
			}
		},
		{
			"__comment": "Detector",
			"from": [ 6.5, 4.5, 2 ],
			"to": [ 9.5, 5, 3.5 ],
			"faces": {
				"up": { "uv": [ 6.5, 2, 9.5, 3.5 ], "texture": "#top" },
				"south": { "uv": [ 6.5, 11, 9.5, 11.5 ], "texture": "#top" },
				"west": { "uv": [ 2, 11, 3.5, 11.5 ], "texture": "#top" },
				"east": { "uv": [ 3.5, 11, 2, 11.5 ], "texture": "#top" }
			}
		},
		{
			"__comment": "Detector",
			"from": [ 4, 4.5, 2 ],
			"to": [ 6, 5, 3.5 ],
			"faces": {
				"up": { "uv": [ 4, 2, 6, 3.5 ], "texture": "#top" },
				"south": { "uv": [ 4, 11, 6, 11.5 ], "texture": "#top" },
				"west": { "uv": [ 2, 11, 3.5, 11.5 ], "texture": "#top" },
				"east": { "uv": [ 3.5, 11, 2, 11.5 ], "texture": "#top" }
			}
		},
		{
			"__comment": "Detector",
			"from": [ 2, 4.5, 2 ],
			"to": [ 3.5, 5, 3.5 ],
			"faces": {
				"up": { "uv": [ 2, 2, 3.5, 3.5 ], "texture": "#top" },
				"south": { "uv": [ 2, 11, 3.5, 11.5 ], "texture": "#top" },
				"east": { "uv": [ 3.5, 11, 2, 11.5 ], "texture": "#top" }
			}
		},
		{
			"__comment": "Border",
			"from": [ 2, 0, 14 ],
			"to": [ 14, 5.5, 16 ],
			"faces": {
				"down": { "uv": [ 2, 16, 14, 14 ], "texture": "#bottom", "cullface": "down" },
				"up": { "uv": [ 2, 14, 14, 16 ], "texture": "#top" },
				"north": { "uv": [ 14, 10.5, 2, 16 ], "texture": "#side" },
				"south": { "uv": [ 2, 10.5, 14, 16 ], "texture": "#side", "cullface": "south" }
			}
		},
		{
			"__comment": "Border",
			"from": [ 2, 0, 0 ],
			"to": [ 14, 5.5, 2 ],
			"faces": {
				"down": { "uv": [ 2, 2, 14, 0 ], "texture": "#bottom", "cullface": "down" },
				"up": { "uv": [ 2, 0, 14, 2 ], "texture": "#top" },
				"north": { "uv": [ 14, 10.5, 2, 16 ], "texture": "#side", "cullface": "north" },
				"south": { "uv": [ 2, 10.5, 14, 16 ], "texture": "#side" }
			}
		},
		{
			"__comment": "Border",
			"from": [ 14, 0, 0 ],
			"to": [ 16, 5.5, 16 ],
			"faces": {
				"down": { "uv": [ 14, 16, 16, 0 ], "texture": "#bottom", "cullface": "down" },
				"up": { "uv": [ 14, 0, 16, 16 ], "texture": "#top" },
				"north": { "uv": [ 16, 10.5, 14, 16 ], "texture": "#side", "cullface": "north" },
				"south": { "uv": [ 14, 10.5, 16, 16 ], "texture": "#side", "cullface": "south" },
				"west": { "uv": [ 0, 10.5, 16, 16 ], "texture": "#side" },
				"east": { "uv": [ 16, 10.5, 0, 16 ], "texture": "#side", "cullface": "east" }
			}
		},
		{
			"__comment": "Border",
			"from": [ 0, 0, 0 ],
			"to": [ 2, 5.5, 16 ],
			"faces": {
				"down": { "uv": [ 0, 16, 2, 0 ], "texture": "#bottom", "cullface": "down" },
				"up": { "uv": [ 0, 0, 2, 16 ], "texture": "#top" },
				"north": { "uv": [ 2, 10.5, 0, 16 ], "texture": "#side", "cullface": "north" },
				"south": { "uv": [ 0, 10.5, 2, 16 ], "texture": "#side", "cullface": "south" },
				"west": { "uv": [ 0, 10.5, 16, 16 ], "texture": "#side", "cullface": "west" },
				"east": { "uv": [ 16, 10.5, 0, 16 ], "texture": "#side" }
			}
		}
	]
}