{
"__comment": "Designed by Sphax with BDcraft Cubik PRO 0.90 Beta - http://bdcraft.net",
"ambientocclusion": false,
"parent": "block/block",
"textures": {
    "particle": "block/furnace_side",
    "front": "block/furnace_front",
    "side": "block/furnace_side",
    "cap": "block/furnace_top",
    "cobblestone": "block/3d/cobblestone_darken",
    "crossbow": "block/3d/crossbow"
},
"elements": [ 
{
    "from": [ 0, 13, 14 ],
    "to": [ 16, 16, 16 ],
    "faces": {
        "down":  { "uv": [ 16, 2, 0, 0 ], "rotation": 180, "texture": "#cap", "cullface": "south" },
        "up":    { "uv": [ 0, 14, 16, 16 ], "texture": "#cap", "cullface": "up" },
        "north": { "uv": [ 0, 0, 16, 3 ], "texture": "#side", "cullface": "up" },
        "south": { "uv": [ 0, 0, 16, 3 ], "texture": "#side", "cullface": "south" },
        "west":  { "uv": [ 14, 0, 16, 3 ], "texture": "#side", "cullface": "west" },
        "east":  { "uv": [ 0, 0, 2, 3 ], "texture": "#side", "cullface": "east" }
    }
},
{
    "from": [ 14, 13, 2 ],
    "to": [ 16, 16, 14 ],
    "faces": {
        "down":  { "uv": [ 16, 14, 14, 2 ], "rotation": 180, "texture": "#cap", "cullface": "east" },
        "up":    { "uv": [ 14, 2, 16, 14 ], "texture": "#cap", "cullface": "up" },
        "west":  { "uv": [ 2, 0, 14, 3 ], "texture": "#side", "cullface": "up" },
        "east":  { "uv": [ 2, 0, 14, 3 ], "texture": "#side", "cullface": "east" }
    }
},
{
    "from": [ 0, 13, 2 ],
    "to": [ 2, 16, 14 ],
    "faces": {
        "down":  { "uv": [ 2, 14, 0, 2 ], "rotation": 180, "texture": "#cap", "cullface": "west" },
        "up":    { "uv": [ 0, 2, 2, 14 ], "texture": "#cap", "cullface": "up" },
        "west":  { "uv": [ 2, 0, 14, 3 ], "texture": "#side", "cullface": "west" },
        "east":  { "uv": [ 2, 0, 14, 3 ], "texture": "#side", "cullface": "up" }
    }
},
{
    "from": [ 0, 13, 0 ],
    "to": [ 16, 16, 2 ],
    "faces": {
        "down":  { "uv": [ 16, 16, 0, 14 ], "rotation": 180, "texture": "#cap", "cullface": "north" },
        "up":    { "uv": [ 0, 0, 16, 2 ], "texture": "#cap", "cullface": "up" },
        "north": { "uv": [ 0, 0, 16, 3 ], "texture": "#front", "cullface": "north" },
        "south": { "uv": [ 0, 0, 16, 3 ], "texture": "#side", "cullface": "up" },
        "west":  { "uv": [ 0, 0, 2, 3 ], "texture": "#side", "cullface": "west" },
        "east":  { "uv": [ 14, 0, 16, 3 ], "texture": "#side", "cullface": "east" }
    }
},
{
    "from": [ 0, 0, 14 ],
    "to": [ 16, 1, 16 ],
    "faces": {
        "down":  { "uv": [ 16, 2, 0, 0 ], "rotation": 180, "texture": "#cap", "cullface": "down" },
        "up":    { "uv": [ 0, 0, 16, 2 ], "rotation": 180, "texture": "#cap", "cullface": "south" },
        "north": { "uv": [ 0, 15, 16, 16 ], "texture": "#front", "cullface": "down" },
        "south": { "uv": [ 0, 15, 16, 16 ], "texture": "#side", "cullface": "south" },
        "west":  { "uv": [ 14, 15, 16, 16 ], "texture": "#side", "cullface": "west" },
        "east":  { "uv": [ 0, 15, 2, 16 ], "texture": "#side", "cullface": "east" }
    }
},
{
    "from": [ 14, 2, 0 ],
    "to": [ 16, 11, 2 ],
    "faces": {
        "north": { "uv": [ 0, 5, 2, 14 ], "texture": "#front", "cullface": "north" },
        "south": { "uv": [ 14, 5, 16, 14 ], "texture": "#side", "cullface": "east" },
        "west":  { "uv": [ 0, 5, 2, 14 ], "texture": "#side", "cullface": "north" },
        "east":  { "uv": [ 14, 5, 16, 14 ], "texture": "#side", "cullface": "east" }
    }
},
{
    "from": [ 13, 1, 0 ],
    "to": [ 16, 2, 3 ],
    "faces": {
        "up":    { "uv": [ 0, 13.5, 2.5, 16 ], "rotation": 180, "texture": "#cap" },
        "north": { "uv": [ 0, 14, 3, 15 ], "texture": "#front", "cullface": "north" },
        "south": { "uv": [ 13, 14, 16, 15 ], "texture": "#side", "cullface": "east" },
        "west":  { "uv": [ 0, 14, 3, 15 ], "texture": "#side", "cullface": "north" },
        "east":  { "uv": [ 13, 14, 16, 15 ], "texture": "#side", "cullface": "east" }
    }
},
{
    "from": [ 13, 11, 0 ],
    "to": [ 16, 12, 1 ],
    "faces": {
        "down":  { "uv": [ 3, 1, 0, 0 ], "texture": "#cap", "cullface": "north" },
        "north": { "uv": [ 0, 4, 3, 5 ], "texture": "#front", "cullface": "north" },
        "west":  { "uv": [ 0, 4, 1, 5 ], "texture": "#side", "cullface": "north" },
        "east":  { "uv": [ 15, 4, 16, 5 ], "texture": "#side", "cullface": "east" }
    }
},
{
    "from": [ 12, 12, 0 ],
    "to": [ 16, 13, 1 ],
    "faces": {
        "down":  { "uv": [ 4, 1, 0, 0 ], "texture": "#cap", "cullface": "north" },
        "north": { "uv": [ 0, 3, 4, 4 ], "texture": "#front", "cullface": "north" },
        "west":  { "uv": [ 0, 3, 1, 4 ], "texture": "#side", "cullface": "north" },
        "east":  { "uv": [ 15, 3, 16, 4 ], "texture": "#side", "cullface": "east" }
    }
},
{
    "from": [ 14, 1, 2 ],
    "to": [ 15, 13, 14 ],
    "faces": {
        "west":  { "uv": [ 2, 3, 16, 15 ], "rotation": 90, "texture": "#cobblestone", "cullface": "up" },
        "east":  { "uv": [ 2, 3, 14, 15 ], "texture": "#side", "cullface": "east" }
    }
},
{
    "from": [ 1, 1, 2 ],
    "to": [ 2, 13, 14 ],
    "faces": {
        "west":  { "uv": [ 2, 3, 14, 15 ], "texture": "#side", "cullface": "west" },
        "east":  { "uv": [ 16, 3, 2, 15 ], "rotation": 270, "texture": "#cobblestone", "cullface": "up" }
    }
},
{
    "from": [ 0, 2, 0 ],
    "to": [ 2, 11, 2 ],
    "faces": {
        "north": { "uv": [ 14, 5, 16, 14 ], "texture": "#front", "cullface": "north" },
        "south": { "uv": [ 0, 5, 2, 14 ], "texture": "#side", "cullface": "west" },
        "west":  { "uv": [ 0, 5, 2, 14 ], "texture": "#side", "cullface": "west" },
        "east":  { "uv": [ 14, 5, 16, 14 ], "texture": "#side", "cullface": "north" }
    }
},
{
    "from": [ 0, 11, 0 ],
    "to": [ 3, 12, 1 ],
    "faces": {
        "down":  { "uv": [ 16, 1, 13, 0 ], "texture": "#cap", "cullface": "north" },
        "north": { "uv": [ 13, 4, 16, 5 ], "texture": "#front", "cullface": "north" },
        "south": { "uv": [ 0, 4, 3, 5 ], "texture": "#side", "cullface": "west" },
        "west":  { "uv": [ 0, 4, 1, 5 ], "texture": "#side", "cullface": "west" },
        "east":  { "uv": [ 15, 4, 16, 5 ], "texture": "#side", "cullface": "north" }
    }
},
{
    "from": [ 0, 12, 0 ],
    "to": [ 4, 13, 1 ],
    "faces": {
        "down":  { "uv": [ 16, 1, 12, 0 ], "texture": "#cap", "cullface": "north" },
        "north": { "uv": [ 12, 3, 16, 4 ], "texture": "#front", "cullface": "north" },
        "west":  { "uv": [ 0, 3, 1, 4 ], "texture": "#side", "cullface": "west" },
        "east":  { "uv": [ 15, 3, 16, 4 ], "texture": "#side", "cullface": "north" }
    }
},
{
    "from": [ 0, 1, 0 ],
    "to": [ 3, 2, 3 ],
    "faces": {
        "up":    { "uv": [ 13.5, 13.5, 16, 16 ], "rotation": 180, "texture": "#cap" },
        "north": { "uv": [ 13, 14, 16, 15 ], "texture": "#front", "cullface": "north" },
        "south": { "uv": [ 0, 14, 3, 15 ], "texture": "#side", "cullface": "west" },
        "west":  { "uv": [ 0, 14, 3, 15 ], "texture": "#side", "cullface": "west" },
        "east":  { "uv": [ 13, 14, 16, 15 ], "texture": "#side", "cullface": "north" }
    }
},
{
    "from": [ 2, 0.5, 2 ],
    "to": [ 14, 2.5, 14 ],
    "faces": {
        "down":  { "uv": [ 2, 14, 14, 5 ], "texture": "#side", "cullface": "down" },
        "up":    { "uv": [ 1, 1, 16, 15 ], "rotation": 90, "texture": "#cobblestone", "cullface": "up" }
    }
},
{
    "from": [ 0, 0, 0 ],
    "to": [ 16, 1, 2 ],
    "faces": {
        "down":  { "uv": [ 16, 16, 0, 14 ], "rotation": 180, "texture": "#cap", "cullface": "down" },
        "up":    { "uv": [ 0, 14, 16, 16 ], "rotation": 180, "texture": "#cap", "cullface": "north" },
        "north": { "uv": [ 0, 15, 16, 16 ], "texture": "#front", "cullface": "north" },
        "south": { "uv": [ 0, 15, 16, 16 ], "texture": "#side", "cullface": "down" },
        "west":  { "uv": [ 0, 15, 2, 16 ], "texture": "#side", "cullface": "west" },
        "east":  { "uv": [ 14, 15, 16, 16 ], "texture": "#side", "cullface": "east" }
    }
},
{
    "from": [ 14, 0, 2 ],
    "to": [ 16, 1, 14 ],
    "faces": {
        "down":  { "uv": [ 16, 14, 14, 2 ], "rotation": 180, "texture": "#cap", "cullface": "down" },
        "up":    { "uv": [ 0, 2, 2, 14 ], "rotation": 180, "texture": "#cap", "cullface": "east" },
        "west":  { "uv": [ 2, 15, 14, 16 ], "texture": "#side", "cullface": "down" },
        "east":  { "uv": [ 2, 15, 14, 16 ], "texture": "#side", "cullface": "east" }
    }
},
{
    "from": [ 0, 0, 2 ],
    "to": [ 2, 1, 14 ],
    "faces": {
        "down":  { "uv": [ 2, 14, 0, 2 ], "rotation": 180, "texture": "#cap", "cullface": "down" },
        "up":    { "uv": [ 14, 2, 16, 14 ], "rotation": 180, "texture": "#cap", "cullface": "west" },
        "west":  { "uv": [ 2, 15, 14, 16 ], "texture": "#side", "cullface": "west" },
        "east":  { "uv": [ 2, 15, 14, 16 ], "texture": "#side", "cullface": "down" }
    }
},
{
    "from": [ 14, 2, 14 ],
    "to": [ 16, 11, 16 ],
    "faces": {
        "north": { "uv": [ 0, 5, 2, 14 ], "texture": "#front", "cullface": "east" },
        "south": { "uv": [ 14, 5, 16, 14 ], "texture": "#side", "cullface": "south" },
        "west":  { "uv": [ 14, 5, 16, 14 ], "texture": "#side", "cullface": "south" },
        "east":  { "uv": [ 0, 5, 2, 14 ], "texture": "#side", "cullface": "east" }
    }
},
{
    "from": [ 13, 1, 13 ],
    "to": [ 16, 2, 16 ],
    "faces": {
        "up":    { "uv": [ 0, 0, 2.5, 2.5 ], "rotation": 180, "texture": "#cap" },
        "north": { "uv": [ 0, 14, 3, 15 ], "texture": "#front", "cullface": "east" },
        "south": { "uv": [ 13, 14, 16, 15 ], "texture": "#side", "cullface": "south" },
        "west":  { "uv": [ 13, 14, 16, 15 ], "texture": "#side", "cullface": "south" },
        "east":  { "uv": [ 0, 14, 3, 15 ], "texture": "#side", "cullface": "east" }
    }
},
{
    "from": [ 15, 11, 13 ],
    "to": [ 16, 12, 16 ],
    "faces": {
        "down":  { "uv": [ 1, 16, 0, 13 ], "texture": "#cap", "cullface": "east" },
        "north": { "uv": [ 0, 4, 1, 5 ], "texture": "#front", "cullface": "east" },
        "south": { "uv": [ 15, 4, 16, 5 ], "texture": "#side", "cullface": "south" },
        "east":  { "uv": [ 0, 4, 3, 5 ], "texture": "#side", "cullface": "east" }
    }
},
{
    "from": [ 15, 12, 12 ],
    "to": [ 16, 13, 16 ],
    "faces": {
        "down":  { "uv": [ 1, 16, 0, 12 ], "texture": "#cap", "cullface": "east" },
        "north": { "uv": [ 0, 3, 1, 4 ], "texture": "#front", "cullface": "east" },
        "south": { "uv": [ 15, 3, 16, 4 ], "texture": "#side", "cullface": "south" },
        "east":  { "uv": [ 0, 3, 4, 4 ], "texture": "#side", "cullface": "east" }
    }
},
{
    "from": [ 0, 12, 12 ],
    "to": [ 1, 13, 16 ],
    "faces": {
        "down":  { "uv": [ 16, 16, 15, 12 ], "texture": "#cap", "cullface": "west" },
        "north": { "uv": [ 15, 3, 16, 4 ], "texture": "#front", "cullface": "west" },
        "south": { "uv": [ 0, 3, 1, 4 ], "texture": "#side", "cullface": "south" },
        "west":  { "uv": [ 12, 3, 16, 4 ], "texture": "#side", "cullface": "west" }
    }
},
{
    "from": [ 0, 11, 13 ],
    "to": [ 1, 12, 16 ],
    "faces": {
        "down":  { "uv": [ 16, 16, 15, 13 ], "texture": "#cap", "cullface": "west" },
        "north": { "uv": [ 15, 4, 16, 5 ], "texture": "#front", "cullface": "west" },
        "south": { "uv": [ 0, 4, 1, 5 ], "texture": "#side", "cullface": "south" },
        "west":  { "uv": [ 13, 4, 16, 5 ], "texture": "#side", "cullface": "west" }
    }
},
{
    "from": [ 0, 2, 14 ],
    "to": [ 2, 11, 16 ],
    "faces": {
        "north": { "uv": [ 14, 5, 16, 14 ], "texture": "#front", "cullface": "west" },
        "south": { "uv": [ 0, 5, 2, 14 ], "texture": "#side", "cullface": "south" },
        "west":  { "uv": [ 14, 5, 16, 14 ], "texture": "#side", "cullface": "west" },
        "east":  { "uv": [ 0, 5, 2, 14 ], "texture": "#side", "cullface": "south" }
    }
},
{
    "from": [ 0, 1, 13 ],
    "to": [ 3, 2, 16 ],
    "faces": {
        "up":    { "uv": [ 13.5, 0, 16, 2.5 ], "rotation": 180, "texture": "#cap" },
        "north": { "uv": [ 13, 14, 16, 15 ], "texture": "#front", "cullface": "west" },
        "south": { "uv": [ 0, 14, 3, 15 ], "texture": "#side", "cullface": "south" },
        "west":  { "uv": [ 13, 14, 16, 15 ], "texture": "#side", "cullface": "west" },
        "east":  { "uv": [ 0, 14, 3, 15 ], "texture": "#side", "cullface": "south" }
    }
},
{
    "from": [ 2, 1, 14 ],
    "to": [ 14, 13, 15 ],
    "faces": {
        "north": { "uv": [ 3, 1.5, 16, 14.5 ], "rotation": 90, "texture": "#cobblestone", "cullface": "up" },
        "south": { "uv": [ 2, 3, 14, 15 ], "texture": "#side", "cullface": "south" }
    }
},
{
    "from": [ 6.5, 11, 5 ],
    "to": [ 9.5, 14, 6 ],
    "faces": {
        "north": { "uv": [ 2, 1, 5, 4 ], "texture": "#crossbow", "cullface": "up" },
        "south": { "uv": [ 5, 1, 8, 4 ], "texture": "#crossbow", "cullface": "up" },
        "west":  { "uv": [ 0, 0, 3, 1 ], "rotation": 90, "texture": "#crossbow", "cullface": "up" },
        "east":  { "uv": [ 0, 0, 3, 1 ], "rotation": 270, "texture": "#crossbow", "cullface": "up" }
    }
},
{
    "from": [ 5.5, 14, 5 ],
    "to": [ 10.5, 15, 6 ],
    "faces": {
        "up":    { "uv": [ 2, 0, 7, 1 ], "rotation": 180, "texture": "#crossbow", "cullface": "up" },
        "north": { "uv": [ 2, 0, 7, 1 ], "rotation": 180, "texture": "#crossbow", "cullface": "up" },
        "south": { "uv": [ 2, 0, 7, 1 ], "texture": "#crossbow", "cullface": "up" }
    }
},
{
    "from": [ 6.5, 4.5, 4 ],
    "to": [ 9.5, 11, 6 ],
    "faces": {
        "up":    { "uv": [ 2, 8, 5, 10 ], "rotation": 180, "texture": "#crossbow", "cullface": "up" },
        "north": { "uv": [ 2, 1, 5, 7.5 ], "texture": "#crossbow", "cullface": "up" },
        "south": { "uv": [ 5, 3.5, 8, 10 ], "texture": "#crossbow", "cullface": "up" },
        "west":  { "uv": [ 2, 10, 5, 1 ], "rotation": 180, "texture": "#crossbow", "cullface": "up" },
        "east":  { "uv": [ 2, 1, 5, 10 ], "texture": "#crossbow", "cullface": "up" }
    }
},
{
    "from": [ 10.5, 14.25, 5.0125 ],
    "to": [ 13.5, 15, 5.9925 ],
    "rotation": { "origin": [ 10.5, 15, 5.0125 ], "axis": "z", "angle": -45 },
    "faces": {
        "down":  { "uv": [ 2, 0, 6, 1 ], "texture": "#crossbow", "cullface": "up" },
        "up":    { "uv": [ 2, 0, 6, 1 ], "rotation": 180, "texture": "#crossbow", "cullface": "up" },
        "north": { "uv": [ 2, 0, 6, 1 ], "rotation": 180, "texture": "#crossbow", "cullface": "up" },
        "south": { "uv": [ 2, 0, 6, 1 ], "texture": "#crossbow", "cullface": "up" }
    }
},
{
    "from": [ 3.375, 12.125, 5.0125 ],
    "to": [ 6.375, 12.875, 5.9925 ],
    "rotation": { "origin": [ 3.375, 12.875, 5.0125 ], "axis": "z", "angle": 45 },
    "faces": {
        "down":  { "uv": [ 2, 0, 6, 1 ], "texture": "#crossbow", "cullface": "up" },
        "up":    { "uv": [ 2, 0, 6, 1 ], "rotation": 180, "texture": "#crossbow", "cullface": "up" },
        "north": { "uv": [ 2, 0, 6, 1 ], "rotation": 180, "texture": "#crossbow", "cullface": "up" },
        "south": { "uv": [ 2, 0, 6, 1 ], "texture": "#crossbow", "cullface": "up" }
    }
},
{
    "from": [ 7.5, 14, 4.5 ],
    "to": [ 8.75, 15.75, 5 ],
    "faces": {
        "up":    { "uv": [ 0, 15, 1, 16 ], "rotation": 180, "texture": "#crossbow", "cullface": "up" },
        "north": { "uv": [ 0, 12, 1, 14 ], "rotation": 180, "texture": "#crossbow", "cullface": "up" },
        "south": { "uv": [ 0, 12, 1, 14 ], "texture": "#crossbow", "cullface": "up" },
        "west":  { "uv": [ 0, 12, 1, 14 ], "rotation": 180, "texture": "#crossbow", "cullface": "up" },
        "east":  { "uv": [ 0, 12, 1, 14 ], "texture": "#crossbow", "cullface": "up" }
    }
},
{
    "from": [ 7.75, 8, 6.25 ],
    "to": [ 8.5, 16.5, 7 ],
    "faces": {
        "up":    { "uv": [ 0, 1, 1, 2 ], "rotation": 180, "texture": "#crossbow", "cullface": "up" },
        "north": { "uv": [ 0, 10, 1, 1 ], "rotation": 180, "texture": "#crossbow", "cullface": "up" },
        "south": { "uv": [ 0, 1, 1, 10 ], "texture": "#crossbow", "cullface": "up" },
        "west":  { "uv": [ 0, 1, 1, 10 ], "texture": "#crossbow", "cullface": "up" },
        "east":  { "uv": [ 0, 1, 1, 10 ], "texture": "#crossbow", "cullface": "up" }
    }
},
{
    "__comment": "RopeL",
    "from": [ 3.75, 12.25, 6.25 ],
    "to": [ 10, 12.5, 6.75 ],
    "rotation": { "origin": [ 3.75, 12.5, 6.25 ], "axis": "z", "angle": -45 },
    "faces": {
        "up":    { "uv": [ 9, 1, 10, 10 ], "rotation": 270, "texture": "#crossbow", "cullface": "up" },
        "north": { "uv": [ 9.5, 1, 10, 10 ], "rotation": 270, "texture": "#crossbow", "cullface": "up" },
        "south": { "uv": [ 9, 1, 9.5, 10 ], "rotation": 90, "texture": "#crossbow", "cullface": "up" }
    }
},
{
    "from": [ 3, 12.25, 4.75 ],
    "to": [ 3.75, 13, 7 ],
    "faces": {
        "up":    { "uv": [ 0, 12, 1, 14 ], "rotation": 180, "texture": "#crossbow", "cullface": "up" },
        "north": { "uv": [ 0, 15, 1, 16 ], "rotation": 180, "texture": "#crossbow", "cullface": "up" },
        "south": { "uv": [ 0, 15, 1, 16 ], "texture": "#crossbow", "cullface": "up" },
        "west":  { "uv": [ 0, 12, 1, 14 ], "rotation": 90, "texture": "#crossbow", "cullface": "up" },
        "east":  { "uv": [ 0, 12, 1, 14 ], "rotation": 270, "texture": "#crossbow", "cullface": "up" }
    }
},
{
    "from": [ 12, 12.25, 4.75 ],
    "to": [ 12.75, 13, 7 ],
    "faces": {
        "up":    { "uv": [ 0, 12, 1, 14 ], "rotation": 180, "texture": "#crossbow", "cullface": "up" },
        "north": { "uv": [ 0, 15, 1, 16 ], "rotation": 180, "texture": "#crossbow", "cullface": "up" },
        "south": { "uv": [ 0, 15, 1, 16 ], "texture": "#crossbow", "cullface": "up" },
        "west":  { "uv": [ 0, 12, 1, 14 ], "rotation": 90, "texture": "#crossbow", "cullface": "up" },
        "east":  { "uv": [ 0, 12, 1, 14 ], "rotation": 270, "texture": "#crossbow", "cullface": "up" }
    }
},
{
    "__comment": "ropeR",
    "from": [ 8.25, 8, 6.25 ],
    "to": [ 14.25, 8.25, 6.75 ],
    "rotation": { "origin": [ 8.25, 8.25, 6.25 ], "axis": "z", "angle": 45 },
    "faces": {
        "up":    { "uv": [ 9, 1, 10, 10 ], "rotation": 270, "texture": "#crossbow", "cullface": "up" },
        "north": { "uv": [ 9.5, 1, 10, 10 ], "rotation": 270, "texture": "#crossbow", "cullface": "up" },
        "south": { "uv": [ 9, 1, 9.5, 10 ], "rotation": 90, "texture": "#crossbow", "cullface": "up" }
    }
},
{
    "from": [ 5.5, 2.5, 3.5 ],
    "to": [ 6.5, 8.5, 6 ],
    "faces": {
        "up":    { "uv": [ 0, 12, 1, 14 ], "texture": "#crossbow", "cullface": "up" },
        "north": { "uv": [ 11, 2, 12, 8 ], "texture": "#crossbow", "cullface": "up" },
        "south": { "uv": [ 12, 2, 11, 8 ], "texture": "#crossbow", "cullface": "up" },
        "west":  { "uv": [ 12, 0, 16, 7 ], "texture": "#crossbow", "cullface": "up" },
        "east":  { "uv": [ 12, 0, 16, 7 ], "texture": "#crossbow", "cullface": "up" }
    }
},
{
    "from": [ 9.5, 2.5, 3.5 ],
    "to": [ 10.5, 8.5, 6 ],
    "faces": {
        "up":    { "uv": [ 0, 12, 1, 14 ], "texture": "#crossbow", "cullface": "up" },
        "north": { "uv": [ 12, 2, 11, 8 ], "texture": "#crossbow", "cullface": "up" },
        "south": { "uv": [ 11, 2, 12, 8 ], "texture": "#crossbow", "cullface": "up" },
        "west":  { "uv": [ 12, 0, 16, 7 ], "texture": "#crossbow", "cullface": "up" },
        "east":  { "uv": [ 12, 0, 16, 7 ], "texture": "#crossbow", "cullface": "up" }
    }
},
{
    "from": [ 10.5, 2.5, 3.5 ],
    "to": [ 12, 3.5, 6 ],
    "faces": {
        "up":    { "uv": [ 4, 13, 7, 16 ], "texture": "#crossbow", "cullface": "up" },
        "north": { "uv": [ 14, 7, 12, 8 ], "texture": "#crossbow", "cullface": "up" },
        "south": { "uv": [ 12, 7, 14, 8 ], "texture": "#crossbow", "cullface": "up" },
        "east":  { "uv": [ 0, 12, 1, 14 ], "rotation": 90, "texture": "#crossbow", "cullface": "up" }
    }
},
{
    "from": [ 4, 2.5, 3.5 ],
    "to": [ 5.5, 3.5, 6 ],
    "faces": {
        "up":    { "uv": [ 4, 13, 7, 16 ], "texture": "#crossbow", "cullface": "up" },
        "north": { "uv": [ 12, 7, 14, 8 ], "texture": "#crossbow", "cullface": "up" },
        "south": { "uv": [ 14, 7, 12, 8 ], "texture": "#crossbow", "cullface": "up" },
        "west":  { "uv": [ 0, 12, 1, 14 ], "rotation": 90, "texture": "#crossbow", "cullface": "up" }
    }
},
{
    "from": [ 5, 5, 12 ],
    "to": [ 11, 11, 14 ],
    "faces": {
        "up":    { "uv": [ 10, 13, 16, 16 ], "rotation": 180, "texture": "#crossbow", "cullface": "up" },
        "north": { "uv": [ 7, 13, 9, 16 ], "rotation": 180, "texture": "#crossbow", "cullface": "up" },
        "west":  { "uv": [ 10, 13, 16, 16 ], "rotation": 90, "texture": "#crossbow", "cullface": "up" },
        "east":  { "uv": [ 10, 13, 16, 16 ], "rotation": 270, "texture": "#crossbow", "cullface": "up" }
    }
},
{
    "from": [ 7, 7, 10 ],
    "to": [ 9, 9, 12 ],
    "faces": {
        "up":    { "uv": [ 7, 14, 9, 16 ], "rotation": 180, "texture": "#crossbow", "cullface": "up" },
        "north": { "uv": [ 4, 10, 7, 13 ], "rotation": 180, "texture": "#crossbow", "cullface": "up" },
        "west":  { "uv": [ 7, 14, 9, 16 ], "rotation": 90, "texture": "#crossbow", "cullface": "up" },
        "east":  { "uv": [ 7, 14, 9, 16 ], "rotation": 270, "texture": "#crossbow", "cullface": "up" }
    }
},
{
    "from": [ 10.25, 7.5, 12.25 ],
    "to": [ 15.75, 8.5, 13.25 ],
    "rotation": { "origin": [ 10.25, 7.5, 12.25 ], "axis": "y", "angle": 45 },
    "faces": {
        "up":    { "uv": [ 11, 3.25, 12, 6.5 ], "rotation": 270, "texture": "#crossbow", "cullface": "up" },
        "north": { "uv": [ 11, 3, 12, 6.25 ], "rotation": 270, "texture": "#crossbow", "cullface": "up" },
        "south": { "uv": [ 11, 3, 12, 6.25 ], "rotation": 90, "texture": "#crossbow", "cullface": "up" }
    }
},
{
    "from": [ 2, 7.5, 8.5 ],
    "to": [ 7.5, 8.5, 9.5 ],
    "rotation": { "origin": [ 2, 7.5, 8.5 ], "axis": "y", "angle": -45 },
    "faces": {
        "up":    { "uv": [ 11, 3, 12, 5 ], "rotation": 270, "texture": "#crossbow", "cullface": "up" },
        "north": { "uv": [ 11, 3, 12, 5 ], "rotation": 270, "texture": "#crossbow", "cullface": "up" },
        "south": { "uv": [ 11, 3, 12, 5 ], "rotation": 90, "texture": "#crossbow", "cullface": "up" }
    }
},
{
    "from": [ 15, 12, 1 ],
    "to": [ 16, 13, 4 ],
    "faces": {
        "down":  { "uv": [ 1, 4, 0, 2 ], "texture": "#cap", "cullface": "east" },
        "south": { "uv": [ 15, 3, 16, 4 ], "texture": "#side", "cullface": "east" },
        "east":  { "uv": [ 12, 3, 14, 4 ], "texture": "#side", "cullface": "east" }
    }
},
{
    "from": [ 15, 11, 1 ],
    "to": [ 16, 12, 3 ],
    "faces": {
        "down":  { "uv": [ 1, 3, 0, 1 ], "texture": "#cap", "cullface": "east" },
        "south": { "uv": [ 15, 4, 16, 5 ], "texture": "#side", "cullface": "east" },
        "east":  { "uv": [ 13, 4, 15, 5 ], "texture": "#side", "cullface": "east" }
    }
},
{
    "from": [ 0, 12, 1 ],
    "to": [ 1, 13, 4 ],
    "faces": {
        "down":  { "uv": [ 16, 4, 15, 1 ], "texture": "#cap", "cullface": "west" },
        "south": { "uv": [ 0, 3, 1, 4 ], "texture": "#side", "cullface": "west" },
        "west":  { "uv": [ 1, 3, 4, 4 ], "texture": "#side", "cullface": "west" }
    }
},
{
    "from": [ 0, 11, 1 ],
    "to": [ 1, 12, 3 ],
    "faces": {
        "down":  { "uv": [ 16, 3, 15, 1 ], "texture": "#cap", "cullface": "west" },
        "south": { "uv": [ 0, 4, 1, 5 ], "texture": "#side", "cullface": "west" },
        "west":  { "uv": [ 1, 4, 3, 5 ], "texture": "#side", "cullface": "west" }
    }
},
{
    "from": [ 1, 12, 15 ],
    "to": [ 4, 13, 16 ],
    "faces": {
        "down":  { "uv": [ 15, 16, 12, 15 ], "texture": "#cap", "cullface": "south" },
        "south": { "uv": [ 1, 3, 4, 4 ], "texture": "#side", "cullface": "south" },
        "east":  { "uv": [ 0, 3, 1, 4 ], "texture": "#side", "cullface": "south" }
    }
},
{
    "from": [ 1, 11, 15 ],
    "to": [ 3, 12, 16 ],
    "faces": {
        "down":  { "uv": [ 15, 16, 13, 15 ], "texture": "#cap", "cullface": "south" },
        "south": { "uv": [ 1, 4, 3, 5 ], "texture": "#side", "cullface": "south" },
        "east":  { "uv": [ 0, 4, 1, 5 ], "texture": "#side", "cullface": "south" }
    }
},
{
    "from": [ 12, 12, 15 ],
    "to": [ 15, 13, 16 ],
    "faces": {
        "down":  { "uv": [ 4, 16, 1, 15 ], "texture": "#cap", "cullface": "south" },
        "south": { "uv": [ 12, 3, 15, 4 ], "texture": "#side", "cullface": "south" },
        "west":  { "uv": [ 15, 3, 16, 4 ], "texture": "#side", "cullface": "south" }
    }
},
{
    "from": [ 13, 11, 15 ],
    "to": [ 15, 12, 16 ],
    "faces": {
        "down":  { "uv": [ 3, 16, 1, 15 ], "texture": "#cap", "cullface": "south" },
        "south": { "uv": [ 13, 4, 15, 5 ], "texture": "#side", "cullface": "south" },
        "west":  { "uv": [ 15, 4, 16, 5 ], "texture": "#side", "cullface": "south" }
    }
},
{
    "from": [ 2, 1, 1 ],
    "to": [ 14, 13, 2 ],
    "faces": {
        "north": { "uv": [ 2, 3, 14, 15 ], "texture": "#side", "cullface": "north" },
        "south": { "uv": [ 3, 1.5, 16, 14.5 ], "rotation": 90, "texture": "#cobblestone", "cullface": "up" }
    }
}
]
}