{
"__comment": "Designed by Sphax with BDcraft Cubik PRO 0.90 Beta - http://bdcraft.net",
"ambientocclusion": false,
"parent": "block/block",
"textures": {
    "particle": "block/furnace_side",
    "front": "block/furnace_front",
    "side": "block/furnace_side",
    "cap": "block/furnace_top",
    "cobblestone": "block/3d/cobblestone_darken",
    "crossbow": "block/3d/crossbow"
},
"elements": [ 
{
    "from": [ 0, 13, 14 ],
    "to": [ 16, 16, 16 ],
    "faces": {
        "down":  { "uv": [ 16, 2, 0, 0 ], "rotation": 180, "texture": "#cap", "cullface": "south" },
        "up":    { "uv": [ 0, 14, 16, 16 ], "texture": "#cap", "cullface": "up" },
        "north": { "uv": [ 0, 0, 16, 3 ], "texture": "#cap", "cullface": "up" },
        "south": { "uv": [ 0, 0, 16, 3 ], "texture": "#side", "cullface": "south" },
        "west":  { "uv": [ 14, 0, 16, 3 ], "texture": "#side", "cullface": "west" },
        "east":  { "uv": [ 0, 0, 2, 3 ], "texture": "#side", "cullface": "east" }
    }
},
{
    "from": [ 14, 13, 2 ],
    "to": [ 16, 16, 14 ],
    "faces": {
        "down":  { "uv": [ 16, 14, 14, 2 ], "rotation": 180, "texture": "#cap", "cullface": "east" },
        "up":    { "uv": [ 14, 2, 16, 14 ], "texture": "#cap", "cullface": "up" },
        "west":  { "uv": [ 2, 0, 14, 3 ], "texture": "#cap", "cullface": "up" },
        "east":  { "uv": [ 2, 0, 14, 3 ], "texture": "#side", "cullface": "east" }
    }
},
{
    "from": [ 0, 13, 2 ],
    "to": [ 2, 16, 14 ],
    "faces": {
        "down":  { "uv": [ 2, 14, 0, 2 ], "rotation": 180, "texture": "#cap", "cullface": "west" },
        "up":    { "uv": [ 0, 2, 2, 14 ], "texture": "#cap", "cullface": "up" },
        "west":  { "uv": [ 2, 0, 14, 3 ], "texture": "#side", "cullface": "west" },
        "east":  { "uv": [ 2, 0, 14, 3 ], "texture": "#cap", "cullface": "up" }
    }
},
{
    "from": [ 0, 13, 0 ],
    "to": [ 16, 16, 2 ],
    "faces": {
        "down":  { "uv": [ 16, 16, 0, 14 ], "rotation": 180, "texture": "#cap", "cullface": "north" },
        "up":    { "uv": [ 0, 0, 16, 2 ], "texture": "#cap", "cullface": "up" },
        "north": { "uv": [ 0, 0, 16, 3 ], "texture": "#front", "cullface": "north" },
        "south": { "uv": [ 0, 0, 16, 3 ], "texture": "#cap", "cullface": "up" },
        "west":  { "uv": [ 0, 0, 2, 3 ], "texture": "#side", "cullface": "west" },
        "east":  { "uv": [ 14, 0, 16, 3 ], "texture": "#side", "cullface": "east" }
    }
},
{
    "from": [ 0, 0, 14 ],
    "to": [ 16, 1, 16 ],
    "faces": {
        "down":  { "uv": [ 16, 2, 0, 0 ], "rotation": 180, "texture": "#cap", "cullface": "down" },
        "up":    { "uv": [ 0, 0, 16, 2 ], "rotation": 180, "texture": "#cap", "cullface": "south" },
        "north": { "uv": [ 0, 15, 16, 16 ], "texture": "#front", "cullface": "down" },
        "south": { "uv": [ 0, 15, 16, 16 ], "texture": "#side", "cullface": "south" },
        "west":  { "uv": [ 14, 15, 16, 16 ], "texture": "#side", "cullface": "west" },
        "east":  { "uv": [ 0, 15, 2, 16 ], "texture": "#side", "cullface": "east" }
    }
},
{
    "from": [ 14, 2, 0 ],
    "to": [ 16, 11, 2 ],
    "faces": {
        "north": { "uv": [ 0, 5, 2, 14 ], "texture": "#front", "cullface": "north" },
        "south": { "uv": [ 14, 5, 16, 14 ], "texture": "#side", "cullface": "east" },
        "west":  { "uv": [ 0, 5, 2, 14 ], "texture": "#side", "cullface": "north" },
        "east":  { "uv": [ 14, 5, 16, 14 ], "texture": "#side", "cullface": "east" }
    }
},
{
    "from": [ 13, 1, 0 ],
    "to": [ 16, 2, 3 ],
    "faces": {
        "up":    { "uv": [ 0, 13.5, 2.5, 16 ], "rotation": 180, "texture": "#cap" },
        "north": { "uv": [ 0, 14, 3, 15 ], "texture": "#front", "cullface": "north" },
        "south": { "uv": [ 13, 14, 16, 15 ], "texture": "#side", "cullface": "east" },
        "west":  { "uv": [ 0, 14, 3, 15 ], "texture": "#side", "cullface": "north" },
        "east":  { "uv": [ 13, 14, 16, 15 ], "texture": "#side", "cullface": "east" }
    }
},
{
    "from": [ 13, 11, 0 ],
    "to": [ 16, 12, 3 ],
    "faces": {
        "down":  { "uv": [ 16, 16, 13.5, 13.5 ], "rotation": 180, "texture": "#cap" },
        "north": { "uv": [ 0, 4, 3, 5 ], "texture": "#front", "cullface": "north" },
        "south": { "uv": [ 13, 4, 16, 5 ], "texture": "#side", "cullface": "east" },
        "west":  { "uv": [ 0, 4, 3, 5 ], "texture": "#side", "cullface": "north" },
        "east":  { "uv": [ 13, 4, 16, 5 ], "texture": "#side", "cullface": "east" }
    }
},
{
    "from": [ 12, 12, 0 ],
    "to": [ 16, 13, 4 ],
    "faces": {
        "down":  { "uv": [ 16, 16, 13.5, 13.5 ], "rotation": 180, "texture": "#cap" },
        "north": { "uv": [ 0, 3, 4, 4 ], "texture": "#front", "cullface": "north" },
        "south": { "uv": [ 12, 3, 16, 4 ], "texture": "#side", "cullface": "east" },
        "west":  { "uv": [ 0, 3, 4, 4 ], "texture": "#side", "cullface": "north" },
        "east":  { "uv": [ 12, 3, 16, 4 ], "texture": "#side", "cullface": "east" }
    }
},
{
    "from": [ 14, 1, 2 ],
    "to": [ 15, 13, 14 ],
    "faces": {
        "west":  { "uv": [ 2, 3, 16, 15 ], "texture": "#cobblestone", "cullface": "north" },
        "east":  { "uv": [ 2, 3, 14, 15 ], "texture": "#side", "cullface": "east" }
    }
},
{
    "from": [ 1, 1, 2 ],
    "to": [ 2, 13, 14 ],
    "faces": {
        "west":  { "uv": [ 2, 3, 14, 15 ], "texture": "#side", "cullface": "west" },
        "east":  { "uv": [ 16, 3, 2, 15 ], "texture": "#cobblestone", "cullface": "north" }
    }
},
{
    "from": [ 0, 2, 0 ],
    "to": [ 2, 11, 2 ],
    "faces": {
        "north": { "uv": [ 14, 5, 16, 14 ], "texture": "#front", "cullface": "north" },
        "south": { "uv": [ 0, 5, 2, 14 ], "texture": "#side", "cullface": "west" },
        "west":  { "uv": [ 0, 5, 2, 14 ], "texture": "#side", "cullface": "west" },
        "east":  { "uv": [ 14, 5, 16, 14 ], "texture": "#side", "cullface": "north" }
    }
},
{
    "from": [ 0, 11, 0 ],
    "to": [ 3, 12, 3 ],
    "faces": {
        "down":  { "uv": [ 2.5, 16, 0, 13.5 ], "rotation": 180, "texture": "#cap" },
        "north": { "uv": [ 13, 4, 16, 5 ], "texture": "#front", "cullface": "north" },
        "south": { "uv": [ 0, 4, 3, 5 ], "texture": "#side", "cullface": "west" },
        "west":  { "uv": [ 0, 4, 3, 5 ], "texture": "#side", "cullface": "west" },
        "east":  { "uv": [ 13, 4, 16, 5 ], "texture": "#side", "cullface": "north" }
    }
},
{
    "from": [ 0, 12, 0 ],
    "to": [ 4, 13, 4 ],
    "faces": {
        "down":  { "uv": [ 2.5, 16, 0, 13.5 ], "rotation": 180, "texture": "#cap" },
        "north": { "uv": [ 12, 3, 16, 4 ], "texture": "#front", "cullface": "north" },
        "south": { "uv": [ 0, 3, 4, 4 ], "texture": "#side", "cullface": "west" },
        "west":  { "uv": [ 0, 3, 4, 4 ], "texture": "#side", "cullface": "west" },
        "east":  { "uv": [ 12, 3, 16, 4 ], "texture": "#side", "cullface": "north" }
    }
},
{
    "from": [ 0, 1, 0 ],
    "to": [ 3, 2, 3 ],
    "faces": {
        "up":    { "uv": [ 13.5, 13.5, 16, 16 ], "rotation": 180, "texture": "#cap" },
        "north": { "uv": [ 13, 14, 16, 15 ], "texture": "#front", "cullface": "north" },
        "south": { "uv": [ 0, 14, 3, 15 ], "texture": "#side", "cullface": "west" },
        "west":  { "uv": [ 0, 14, 3, 15 ], "texture": "#side", "cullface": "west" },
        "east":  { "uv": [ 13, 14, 16, 15 ], "texture": "#side", "cullface": "north" }
    }
},
{
    "from": [ 2, 13, 2 ],
    "to": [ 14, 15.5, 14 ],
    "faces": {
        "down":  { "uv": [ 2, 2, 16, 14 ], "rotation": 270, "texture": "#cobblestone", "cullface": "north" },
        "up":    { "uv": [ 2, 2, 14, 14 ], "texture": "#cap", "cullface": "up" }
    }
},
{
    "from": [ 2, 0.5, 2 ],
    "to": [ 14, 1, 14 ],
    "faces": {
        "down":  { "uv": [ 2, 14, 14, 5 ], "texture": "#side", "cullface": "down" },
        "up":    { "uv": [ 1, 1, 16, 15 ], "rotation": 90, "texture": "#cobblestone", "cullface": "north" }
    }
},
{
    "from": [ 0, 0, 0 ],
    "to": [ 16, 1, 2 ],
    "faces": {
        "down":  { "uv": [ 16, 16, 0, 14 ], "rotation": 180, "texture": "#cap", "cullface": "down" },
        "up":    { "uv": [ 0, 14, 16, 16 ], "rotation": 180, "texture": "#cap", "cullface": "north" },
        "north": { "uv": [ 0, 15, 16, 16 ], "texture": "#front", "cullface": "north" },
        "south": { "uv": [ 0, 15, 16, 16 ], "texture": "#side", "cullface": "down" },
        "west":  { "uv": [ 0, 15, 2, 16 ], "texture": "#side", "cullface": "west" },
        "east":  { "uv": [ 14, 15, 16, 16 ], "texture": "#side", "cullface": "east" }
    }
},
{
    "from": [ 14, 0, 2 ],
    "to": [ 16, 1, 14 ],
    "faces": {
        "down":  { "uv": [ 16, 14, 14, 2 ], "rotation": 180, "texture": "#cap", "cullface": "down" },
        "up":    { "uv": [ 0, 2, 2, 14 ], "rotation": 180, "texture": "#cap", "cullface": "east" },
        "west":  { "uv": [ 2, 15, 14, 16 ], "texture": "#side", "cullface": "down" },
        "east":  { "uv": [ 2, 15, 14, 16 ], "texture": "#side", "cullface": "east" }
    }
},
{
    "from": [ 0, 0, 2 ],
    "to": [ 2, 1, 14 ],
    "faces": {
        "down":  { "uv": [ 2, 14, 0, 2 ], "rotation": 180, "texture": "#cap", "cullface": "down" },
        "up":    { "uv": [ 14, 2, 16, 14 ], "rotation": 180, "texture": "#cap", "cullface": "west" },
        "west":  { "uv": [ 2, 15, 14, 16 ], "texture": "#side", "cullface": "west" },
        "east":  { "uv": [ 2, 15, 14, 16 ], "texture": "#side", "cullface": "down" }
    }
},
{
    "from": [ 14, 2, 14 ],
    "to": [ 16, 11, 16 ],
    "faces": {
        "north": { "uv": [ 0, 5, 2, 14 ], "texture": "#front", "cullface": "east" },
        "south": { "uv": [ 14, 5, 16, 14 ], "texture": "#side", "cullface": "south" },
        "west":  { "uv": [ 14, 5, 16, 14 ], "texture": "#side", "cullface": "south" },
        "east":  { "uv": [ 0, 5, 2, 14 ], "texture": "#side", "cullface": "east" }
    }
},
{
    "from": [ 13, 1, 13 ],
    "to": [ 16, 2, 16 ],
    "faces": {
        "up":    { "uv": [ 0, 0, 2.5, 2.5 ], "rotation": 180, "texture": "#cap" },
        "north": { "uv": [ 0, 14, 3, 15 ], "texture": "#front", "cullface": "east" },
        "south": { "uv": [ 13, 14, 16, 15 ], "texture": "#side", "cullface": "south" },
        "west":  { "uv": [ 13, 14, 16, 15 ], "texture": "#side", "cullface": "south" },
        "east":  { "uv": [ 0, 14, 3, 15 ], "texture": "#side", "cullface": "east" }
    }
},
{
    "from": [ 13, 11, 13 ],
    "to": [ 16, 12, 16 ],
    "faces": {
        "down":  { "uv": [ 16, 2.5, 13.5, 0 ], "rotation": 180, "texture": "#cap" },
        "north": { "uv": [ 0, 4, 3, 5 ], "texture": "#front", "cullface": "east" },
        "south": { "uv": [ 13, 4, 16, 5 ], "texture": "#side", "cullface": "south" },
        "west":  { "uv": [ 13, 4, 16, 5 ], "texture": "#side", "cullface": "south" },
        "east":  { "uv": [ 0, 4, 3, 5 ], "texture": "#side", "cullface": "east" }
    }
},
{
    "from": [ 12, 12, 12 ],
    "to": [ 16, 13, 16 ],
    "faces": {
        "down":  { "uv": [ 16, 2.5, 13.5, 0 ], "rotation": 180, "texture": "#cap" },
        "north": { "uv": [ 0, 3, 4, 4 ], "texture": "#front", "cullface": "east" },
        "south": { "uv": [ 12, 3, 16, 4 ], "texture": "#side", "cullface": "south" },
        "west":  { "uv": [ 12, 3, 16, 4 ], "texture": "#side", "cullface": "south" },
        "east":  { "uv": [ 0, 3, 4, 4 ], "texture": "#side", "cullface": "east" }
    }
},
{
    "from": [ 0, 12, 12 ],
    "to": [ 4, 13, 16 ],
    "faces": {
        "down":  { "uv": [ 2.5, 2.5, 0, 0 ], "rotation": 180, "texture": "#cap" },
        "north": { "uv": [ 12, 3, 16, 4 ], "texture": "#front", "cullface": "west" },
        "south": { "uv": [ 0, 3, 4, 4 ], "texture": "#side", "cullface": "south" },
        "west":  { "uv": [ 12, 3, 16, 4 ], "texture": "#side", "cullface": "west" },
        "east":  { "uv": [ 0, 3, 4, 4 ], "texture": "#side", "cullface": "south" }
    }
},
{
    "from": [ 0, 11, 13 ],
    "to": [ 3, 12, 16 ],
    "faces": {
        "down":  { "uv": [ 2.5, 2.5, 0, 0 ], "rotation": 180, "texture": "#cap" },
        "north": { "uv": [ 13, 4, 16, 5 ], "texture": "#front", "cullface": "west" },
        "south": { "uv": [ 0, 4, 3, 5 ], "texture": "#side", "cullface": "south" },
        "west":  { "uv": [ 13, 4, 16, 5 ], "texture": "#side", "cullface": "west" },
        "east":  { "uv": [ 0, 4, 3, 5 ], "texture": "#side", "cullface": "south" }
    }
},
{
    "from": [ 0, 2, 14 ],
    "to": [ 2, 11, 16 ],
    "faces": {
        "north": { "uv": [ 14, 5, 16, 14 ], "texture": "#front", "cullface": "west" },
        "south": { "uv": [ 0, 5, 2, 14 ], "texture": "#side", "cullface": "south" },
        "west":  { "uv": [ 14, 5, 16, 14 ], "texture": "#side", "cullface": "west" },
        "east":  { "uv": [ 0, 5, 2, 14 ], "texture": "#side", "cullface": "south" }
    }
},
{
    "from": [ 0, 1, 13 ],
    "to": [ 3, 2, 16 ],
    "faces": {
        "up":    { "uv": [ 13.5, 0, 16, 2.5 ], "rotation": 180, "texture": "#cap" },
        "north": { "uv": [ 13, 14, 16, 15 ], "texture": "#front", "cullface": "west" },
        "south": { "uv": [ 0, 14, 3, 15 ], "texture": "#side", "cullface": "south" },
        "west":  { "uv": [ 13, 14, 16, 15 ], "texture": "#side", "cullface": "west" },
        "east":  { "uv": [ 0, 14, 3, 15 ], "texture": "#side", "cullface": "south" }
    }
},
{
    "from": [ 2, 1, 11.5 ],
    "to": [ 14, 13, 15 ],
    "faces": {
        "north": { "uv": [ 3, 1.5, 16, 14.5 ], "rotation": 270, "texture": "#cobblestone", "cullface": "north" },
        "south": { "uv": [ 2, 3, 14, 15 ], "texture": "#side", "cullface": "south" }
    }
},
{
    "from": [ 6.5, 5, 2 ],
    "to": [ 9.5, 6, 5 ],
    "faces": {
        "down":  { "uv": [ 2, 1, 5, 4 ], "rotation": 180, "texture": "#crossbow", "cullface": "north" },
        "up":    { "uv": [ 5, 1, 8, 4 ], "texture": "#crossbow", "cullface": "north" },
        "west":  { "uv": [ 0, 0, 3, 1 ], "texture": "#crossbow", "cullface": "north" },
        "east":  { "uv": [ 0, 0, 3, 1 ], "texture": "#crossbow", "cullface": "north" }
    }
},
{
    "from": [ 5.5, 5, 1 ],
    "to": [ 10.5, 6, 2 ],
    "faces": {
        "down":  { "uv": [ 2, 0, 7, 1 ], "texture": "#crossbow", "cullface": "north" },
        "up":    { "uv": [ 2, 0, 7, 1 ], "texture": "#crossbow", "cullface": "north" },
        "north": { "uv": [ 2, 0, 7, 1 ], "texture": "#crossbow", "cullface": "north" }
    }
},
{
    "from": [ 6.5, 4, 5 ],
    "to": [ 9.5, 6, 11.5 ],
    "faces": {
        "down":  { "uv": [ 2, 1, 5, 7.5 ], "rotation": 180, "texture": "#crossbow", "cullface": "north" },
        "up":    { "uv": [ 5, 3.5, 8, 10 ], "texture": "#crossbow", "cullface": "north" },
        "north": { "uv": [ 2, 8, 5, 10 ], "texture": "#crossbow", "cullface": "north" },
        "west":  { "uv": [ 2, 10, 5, 1 ], "rotation": 90, "texture": "#crossbow", "cullface": "north" },
        "east":  { "uv": [ 2, 1, 5, 10 ], "rotation": 90, "texture": "#crossbow", "cullface": "north" }
    }
},
{
    "from": [ 10.5, 4.9575, 1 ],
    "to": [ 13.5, 5.9375, 1.75 ],
    "rotation": { "origin": [ 10.5, 4.9575, 1 ], "axis": "y", "angle": -45 },
    "faces": {
        "down":  { "uv": [ 2, 0, 6, 1 ], "texture": "#crossbow", "cullface": "north" },
        "up":    { "uv": [ 2, 0, 6, 1 ], "texture": "#crossbow", "cullface": "north" },
        "north": { "uv": [ 2, 0, 6, 1 ], "texture": "#crossbow", "cullface": "north" },
        "south": { "uv": [ 2, 0, 6, 1 ], "texture": "#crossbow", "cullface": "north" }
    }
},
{
    "from": [ 3.375, 4.9575, 3.125 ],
    "to": [ 6.375, 5.9375, 3.875 ],
    "rotation": { "origin": [ 3.375, 4.9575, 3.125 ], "axis": "y", "angle": 45 },
    "faces": {
        "down":  { "uv": [ 2, 0, 6, 1 ], "texture": "#crossbow", "cullface": "north" },
        "up":    { "uv": [ 2, 0, 6, 1 ], "texture": "#crossbow", "cullface": "north" },
        "north": { "uv": [ 2, 0, 6, 1 ], "texture": "#crossbow", "cullface": "north" },
        "south": { "uv": [ 2, 0, 6, 1 ], "texture": "#crossbow", "cullface": "north" }
    }
},
{
    "from": [ 7.5, 4.5, 0.25 ],
    "to": [ 8.75, 5, 2 ],
    "faces": {
        "down":  { "uv": [ 0, 12, 1, 14 ], "texture": "#crossbow", "cullface": "north" },
        "up":    { "uv": [ 0, 12, 1, 14 ], "texture": "#crossbow", "cullface": "north" },
        "north": { "uv": [ 0, 15, 1, 16 ], "texture": "#crossbow", "cullface": "north" },
        "west":  { "uv": [ 0, 12, 1, 14 ], "rotation": 90, "texture": "#crossbow", "cullface": "north" },
        "east":  { "uv": [ 0, 12, 1, 14 ], "rotation": 90, "texture": "#crossbow", "cullface": "north" }
    }
},
{
    "from": [ 7.75, 6.25, -0.5 ],
    "to": [ 8.5, 7, 8 ],
    "faces": {
        "down":  { "uv": [ 0, 10, 1, 1 ], "texture": "#crossbow", "cullface": "north" },
        "up":    { "uv": [ 0, 1, 1, 10 ], "texture": "#crossbow", "cullface": "north" },
        "north": { "uv": [ 0, 1, 1, 2 ], "texture": "#crossbow", "cullface": "north" },
        "west":  { "uv": [ 0, 1, 1, 10 ], "rotation": 270, "texture": "#crossbow", "cullface": "north" },
        "east":  { "uv": [ 0, 1, 1, 10 ], "rotation": 90, "texture": "#crossbow", "cullface": "north" }
    }
},
{
    "__comment": "RopeL",
    "from": [ 3.75, 6.25, 3.5 ],
    "to": [ 10, 6.75, 3.75 ],
    "rotation": { "origin": [ 3.75, 6.25, 3.5 ], "axis": "y", "angle": -45 },
    "faces": {
        "down":  { "uv": [ 9.5, 1, 10, 10 ], "rotation": 90, "texture": "#crossbow", "cullface": "north" },
        "up":    { "uv": [ 9, 1, 9.5, 10 ], "rotation": 90, "texture": "#crossbow", "cullface": "north" },
        "north": { "uv": [ 9, 1, 10, 10 ], "rotation": 90, "texture": "#crossbow", "cullface": "north" }
    }
},
{
    "from": [ 3, 4.75, 3 ],
    "to": [ 3.75, 7, 3.75 ],
    "faces": {
        "down":  { "uv": [ 0, 15, 1, 16 ], "texture": "#crossbow", "cullface": "north" },
        "up":    { "uv": [ 0, 15, 1, 16 ], "texture": "#crossbow", "cullface": "north" },
        "north": { "uv": [ 0, 12, 1, 14 ], "texture": "#crossbow", "cullface": "north" },
        "west":  { "uv": [ 0, 12, 1, 14 ], "texture": "#crossbow", "cullface": "north" },
        "east":  { "uv": [ 0, 12, 1, 14 ], "texture": "#crossbow", "cullface": "north" }
    }
},
{
    "from": [ 12, 4.75, 3 ],
    "to": [ 12.75, 7, 3.75 ],
    "faces": {
        "down":  { "uv": [ 0, 15, 1, 16 ], "texture": "#crossbow", "cullface": "north" },
        "up":    { "uv": [ 0, 15, 1, 16 ], "texture": "#crossbow", "cullface": "north" },
        "north": { "uv": [ 0, 12, 1, 14 ], "texture": "#crossbow", "cullface": "north" },
        "west":  { "uv": [ 0, 12, 1, 14 ], "texture": "#crossbow", "cullface": "north" },
        "east":  { "uv": [ 0, 12, 1, 14 ], "texture": "#crossbow", "cullface": "north" }
    }
},
{
    "__comment": "ropeR",
    "from": [ 8.25, 6.25, 7.75 ],
    "to": [ 14.25, 6.75, 8 ],
    "rotation": { "origin": [ 8.25, 6.25, 7.75 ], "axis": "y", "angle": 45 },
    "faces": {
        "down":  { "uv": [ 9.5, 1, 10, 10 ], "rotation": 90, "texture": "#crossbow", "cullface": "north" },
        "up":    { "uv": [ 9, 1, 9.5, 10 ], "rotation": 90, "texture": "#crossbow", "cullface": "north" },
        "north": { "uv": [ 9, 1, 10, 10 ], "rotation": 90, "texture": "#crossbow", "cullface": "north" }
    }
},
{
    "from": [ 5.5, 1, 9 ],
    "to": [ 6.5, 7, 11.5 ],
    "faces": {
        "up":    { "uv": [ 0, 12, 1, 14 ], "texture": "#crossbow", "cullface": "north" },
        "north": { "uv": [ 11, 2, 12, 8 ], "texture": "#crossbow", "cullface": "north" },
        "west":  { "uv": [ 12, 0, 16, 7 ], "texture": "#crossbow", "cullface": "north" },
        "east":  { "uv": [ 12, 0, 16, 7 ], "texture": "#crossbow", "cullface": "north" }
    }
},
{
    "from": [ 9.5, 1, 9 ],
    "to": [ 10.5, 7, 11.5 ],
    "faces": {
        "up":    { "uv": [ 0, 12, 1, 14 ], "texture": "#crossbow", "cullface": "north" },
        "north": { "uv": [ 12, 2, 11, 8 ], "texture": "#crossbow", "cullface": "north" },
        "west":  { "uv": [ 12, 0, 16, 7 ], "texture": "#crossbow", "cullface": "north" },
        "east":  { "uv": [ 12, 0, 16, 7 ], "texture": "#crossbow", "cullface": "north" }
    }
},
{
    "from": [ 10.5, 1, 9 ],
    "to": [ 12, 2, 11.5 ],
    "faces": {
        "up":    { "uv": [ 4, 13, 7, 16 ], "texture": "#crossbow", "cullface": "north" },
        "north": { "uv": [ 14, 7, 12, 8 ], "texture": "#crossbow", "cullface": "north" },
        "east":  { "uv": [ 0, 12, 1, 14 ], "rotation": 90, "texture": "#crossbow", "cullface": "north" }
    }
},
{
    "from": [ 4, 1, 9 ],
    "to": [ 5.5, 2, 11.5 ],
    "faces": {
        "up":    { "uv": [ 4, 13, 7, 16 ], "texture": "#crossbow", "cullface": "north" },
        "north": { "uv": [ 12, 7, 14, 8 ], "texture": "#crossbow", "cullface": "north" },
        "west":  { "uv": [ 0, 12, 1, 14 ], "rotation": 90, "texture": "#crossbow", "cullface": "north" }
    }
},
{
    "from": [ 5, 11, 5 ],
    "to": [ 11, 13, 11 ],
    "faces": {
        "down":  { "uv": [ 7, 13, 9, 16 ], "texture": "#crossbow", "cullface": "north" },
        "north": { "uv": [ 10, 13, 16, 16 ], "texture": "#crossbow", "cullface": "north" },
        "west":  { "uv": [ 10, 13, 16, 16 ], "texture": "#crossbow", "cullface": "north" },
        "east":  { "uv": [ 10, 13, 16, 16 ], "texture": "#crossbow", "cullface": "north" }
    }
},
{
    "from": [ 7, 9, 7 ],
    "to": [ 9, 11, 9 ],
    "faces": {
        "down":  { "uv": [ 4, 10, 7, 13 ], "texture": "#crossbow", "cullface": "north" },
        "north": { "uv": [ 7, 14, 9, 16 ], "texture": "#crossbow", "cullface": "north" },
        "west":  { "uv": [ 7, 14, 9, 16 ], "texture": "#crossbow", "cullface": "north" },
        "east":  { "uv": [ 7, 14, 9, 16 ], "texture": "#crossbow", "cullface": "north" }
    }
},
{
    "from": [ 11, 11, 7.5 ],
    "to": [ 16.5, 12, 8.5 ],
    "rotation": { "origin": [ 11, 12, 7.5 ], "axis": "z", "angle": -45 },
    "faces": {
        "down":  { "uv": [ 11, 3, 12, 6.25 ], "rotation": 90, "texture": "#crossbow", "cullface": "north" },
        "up":    { "uv": [ 11, 3, 12, 6.25 ], "rotation": 90, "texture": "#crossbow", "cullface": "north" },
        "north": { "uv": [ 11, 3.25, 12, 6.5 ], "rotation": 90, "texture": "#crossbow", "cullface": "north" }
    }
},
{
    "from": [ 1.25, 7, 7.5 ],
    "to": [ 6.75, 8, 8.5 ],
    "rotation": { "origin": [ 1.25, 8, 7.5 ], "axis": "z", "angle": 45 },
    "faces": {
        "down":  { "uv": [ 11, 3, 12, 5 ], "rotation": 90, "texture": "#crossbow", "cullface": "north" },
        "up":    { "uv": [ 11, 3, 12, 5 ], "rotation": 90, "texture": "#crossbow", "cullface": "north" },
        "north": { "uv": [ 11, 3, 12, 5 ], "rotation": 90, "texture": "#crossbow", "cullface": "north" }
    }
}
]
}