{
"__comment": "Designed by Sphax with BDcraft Cubik PRO 0.90 Beta - http://bdcraft.net",
"ambientocclusion": false,
"textures": {
    "particle": "block/furnace_front_on",
    "front": "block/furnace_front_on",
    "side": "block/furnace_side",
    "cap": "block/furnace_top",
    "cobblestone": "block/3d/cobblestone_darken"
},
"elements": [ 
{
    "from": [ 0, 13, 14 ],
    "to": [ 16, 16, 16 ],
    "faces": {
        "down":  { "uv": [ 16, 2, 0, 0 ], "rotation": 180, "texture": "#cap", "cullface": "south" },
        "up":    { "uv": [ 0, 14, 16, 16 ], "texture": "#cap", "cullface": "up" },
        "north": { "uv": [ 0, 0, 16, 3 ], "texture": "#cap", "cullface": "up" },
        "south": { "uv": [ 0, 0, 16, 3 ], "texture": "#side", "cullface": "south" },
        "west":  { "uv": [ 14, 0, 16, 3 ], "texture": "#side", "cullface": "west" },
        "east":  { "uv": [ 0, 0, 2, 3 ], "texture": "#side", "cullface": "east" }
    }
},
{
    "from": [ 14, 13, 2 ],
    "to": [ 16, 16, 14 ],
    "faces": {
        "down":  { "uv": [ 16, 14, 14, 2 ], "rotation": 180, "texture": "#cap", "cullface": "east" },
        "up":    { "uv": [ 14, 2, 16, 14 ], "texture": "#cap", "cullface": "up" },
        "west":  { "uv": [ 2, 0, 14, 3 ], "texture": "#cap", "cullface": "up" },
        "east":  { "uv": [ 2, 0, 14, 3 ], "texture": "#side", "cullface": "east" }
    }
},
{
    "from": [ 0, 13, 2 ],
    "to": [ 2, 16, 14 ],
    "faces": {
        "down":  { "uv": [ 2, 14, 0, 2 ], "rotation": 180, "texture": "#cap", "cullface": "west" },
        "up":    { "uv": [ 0, 2, 2, 14 ], "texture": "#cap", "cullface": "up" },
        "west":  { "uv": [ 2, 0, 14, 3 ], "texture": "#side", "cullface": "west" },
        "east":  { "uv": [ 2, 0, 14, 3 ], "texture": "#cap", "cullface": "up" }
    }
},
{
    "from": [ 0, 13, 0 ],
    "to": [ 16, 16, 2 ],
    "faces": {
        "down":  { "uv": [ 16, 16, 0, 14 ], "rotation": 180, "texture": "#cap", "cullface": "north" },
        "up":    { "uv": [ 0, 0, 16, 2 ], "texture": "#cap", "cullface": "up" },
        "north": { "uv": [ 0, 0, 16, 3 ], "texture": "#front", "cullface": "north" },
        "south": { "uv": [ 0, 0, 16, 3 ], "texture": "#cap", "cullface": "up" },
        "west":  { "uv": [ 0, 0, 2, 3 ], "texture": "#side", "cullface": "west" },
        "east":  { "uv": [ 14, 0, 16, 3 ], "texture": "#side", "cullface": "east" }
    }
},
{
    "from": [ 0, 0, 14 ],
    "to": [ 16, 1, 16 ],
    "faces": {
        "down":  { "uv": [ 16, 2, 0, 0 ], "rotation": 180, "texture": "#cap", "cullface": "down" },
        "up":    { "uv": [ 0, 0, 16, 2 ], "rotation": 180, "texture": "#cap", "cullface": "south" },
        "north": { "uv": [ 0, 15, 16, 16 ], "texture": "#side", "cullface": "down" },
        "south": { "uv": [ 0, 15, 16, 16 ], "texture": "#side", "cullface": "south" },
        "west":  { "uv": [ 14, 15, 16, 16 ], "texture": "#side", "cullface": "west" },
        "east":  { "uv": [ 0, 15, 2, 16 ], "texture": "#side", "cullface": "east" }
    }
},
{
    "from": [ 14, 2, 0 ],
    "to": [ 16, 11, 2 ],
    "faces": {
        "north": { "uv": [ 0, 5, 2, 14 ], "texture": "#front", "cullface": "north" },
        "south": { "uv": [ 14, 5, 16, 14 ], "texture": "#side", "cullface": "east" },
        "west":  { "uv": [ 0, 5, 2, 14 ], "texture": "#front", "cullface": "north" },
        "east":  { "uv": [ 14, 5, 16, 14 ], "texture": "#side", "cullface": "east" }
    }
},
{
    "from": [ 13, 1, 0 ],
    "to": [ 16, 2, 3 ],
    "faces": {
        "up":    { "uv": [ 0, 13, 3, 16 ], "rotation": 180, "texture": "#cap" },
        "north": { "uv": [ 0, 14, 3, 15 ], "texture": "#front", "cullface": "north" },
        "south": { "uv": [ 13, 14, 16, 15 ], "texture": "#side", "cullface": "east" },
        "west":  { "uv": [ 0, 14, 3, 15 ], "texture": "#front", "cullface": "north" },
        "east":  { "uv": [ 13, 14, 16, 15 ], "texture": "#side", "cullface": "east" }
    }
},
{
    "from": [ 13, 11, 0 ],
    "to": [ 16, 12, 3 ],
    "faces": {
        "down":  { "uv": [ 16, 16, 13, 13 ], "rotation": 180, "texture": "#cap" },
        "north": { "uv": [ 0, 4, 3, 5 ], "texture": "#front", "cullface": "north" },
        "south": { "uv": [ 13, 4, 16, 5 ], "texture": "#side", "cullface": "east" },
        "west":  { "uv": [ 0, 4, 3, 5 ], "texture": "#front", "cullface": "north" },
        "east":  { "uv": [ 13, 4, 16, 5 ], "texture": "#side", "cullface": "east" }
    }
},
{
    "from": [ 12, 12, 0 ],
    "to": [ 16, 13, 4 ],
    "faces": {
        "down":  { "uv": [ 16, 16, 12, 12 ], "rotation": 180, "texture": "#cap" },
        "north": { "uv": [ 0, 3, 4, 4 ], "texture": "#front", "cullface": "north" },
        "south": { "uv": [ 12, 3, 16, 4 ], "texture": "#side", "cullface": "east" },
        "west":  { "uv": [ 0, 3, 4, 4 ], "texture": "#front", "cullface": "north" },
        "east":  { "uv": [ 12, 3, 16, 4 ], "texture": "#side", "cullface": "east" }
    }
},
{
    "from": [ 12, 1, 1 ],
    "to": [ 15, 13, 15 ],
    "faces": {
        "north": { "uv": [ 1, 3, 4, 15 ], "texture": "#front", "cullface": "north" },
        "south": { "uv": [ 12, 3, 15, 15 ], "texture": "#side", "cullface": "south" },
        "east":  { "uv": [ 1, 3, 15, 15 ], "texture": "#side", "cullface": "east" }
    }
},
{
    "from": [ 1, 1, 1 ],
    "to": [ 4, 13, 15 ],
    "faces": {
        "north": { "uv": [ 12, 3, 15, 15 ], "texture": "#front", "cullface": "north" },
        "south": { "uv": [ 1, 3, 4, 15 ], "texture": "#side", "cullface": "south" },
        "west":  { "uv": [ 1, 3, 15, 15 ], "texture": "#side", "cullface": "west" }
    }
},
{
    "from": [ 4, 6.5, 1 ],
    "to": [ 12, 13, 15 ],
    "faces": {
        "north": { "uv": [ 4, 3, 12, 9.5 ], "texture": "#front", "cullface": "north" },
        "south": { "uv": [ 4, 3, 12, 9.5 ], "texture": "#side", "cullface": "south" }
    }
},
{
    "from": [ 11, 1, 0.5 ],
    "to": [ 13, 7, 2 ],
    "faces": {
        "up":    { "uv": [ 3, 10, 5, 11.5 ], "rotation": 270, "texture": "#front", "cullface": "north" },
        "north": { "uv": [ 3, 9, 5, 15 ], "texture": "#front", "cullface": "north" },
        "west":  { "uv": [ 3, 9, 5, 15 ], "texture": "#front", "cullface": "north" },
        "east":  { "uv": [ 3, 9, 5, 15 ], "texture": "#front", "cullface": "north" }
    }
},
{
    "from": [ 3, 1, 0.5 ],
    "to": [ 5, 7, 2 ],
    "faces": {
        "up":    { "uv": [ 3, 10, 5, 12 ], "rotation": 270, "texture": "#front", "cullface": "north" },
        "north": { "uv": [ 11, 9, 13, 15 ], "texture": "#front", "cullface": "north" },
        "west":  { "uv": [ 3, 9, 5, 15 ], "texture": "#front", "cullface": "north" },
        "east":  { "uv": [ 5, 9, 3, 15 ], "texture": "#front", "cullface": "north" }
    }
},
{
    "from": [ 5, 6, 0.5 ],
    "to": [ 11, 7, 2 ],
    "faces": {
        "down":  { "uv": [ 3, 10, 5, 12 ], "rotation": 270, "texture": "#front", "cullface": "north" },
        "up":    { "uv": [ 3, 10, 5, 12 ], "rotation": 270, "texture": "#front", "cullface": "north" },
        "north": { "uv": [ 5, 9, 11, 10 ], "texture": "#front", "cullface": "north" }
    }
},
{
    "from": [ 4, 1, 2 ],
    "to": [ 12, 6.5, 15 ],
    "faces": {
        "north": { "uv": [ 4, 9.5, 12, 15 ], "texture": "#front", "cullface": "north" },
        "south": { "uv": [ 4, 9.5, 12, 15 ], "texture": "#side", "cullface": "south" }
    }
},
{
    "from": [ 8, 6.0625, 0.25 ],
    "to": [ 9.5, 7.5625, 1 ],
    "rotation": { "origin": [ 8, 7.5625, 0.25 ], "axis": "z", "angle": -45 },
    "faces": {
        "down":  { "uv": [ 7.5, 9, 8.5, 10 ], "rotation": 180, "texture": "#front", "cullface": "north" },
        "up":    { "uv": [ 7.5, 9, 8.5, 10 ], "rotation": 180, "texture": "#front", "cullface": "north" },
        "north": { "uv": [ 7.5, 9, 8.5, 10 ], "texture": "#front", "cullface": "north" },
        "west":  { "uv": [ 7.5, 9, 8.5, 10 ], "texture": "#front", "cullface": "north" },
        "east":  { "uv": [ 7.5, 9, 8.5, 10 ], "texture": "#front", "cullface": "north" }
    }
},
{
    "from": [ 0, 2, 0 ],
    "to": [ 2, 11, 2 ],
    "faces": {
        "north": { "uv": [ 14, 5, 16, 14 ], "texture": "#front", "cullface": "north" },
        "south": { "uv": [ 0, 5, 2, 14 ], "texture": "#side", "cullface": "west" },
        "west":  { "uv": [ 0, 5, 2, 14 ], "texture": "#side", "cullface": "west" },
        "east":  { "uv": [ 14, 5, 16, 14 ], "texture": "#front", "cullface": "north" }
    }
},
{
    "from": [ 0, 11, 0 ],
    "to": [ 3, 12, 3 ],
    "faces": {
        "down":  { "uv": [ 3, 16, 0, 13 ], "rotation": 180, "texture": "#cap" },
        "north": { "uv": [ 13, 4, 16, 5 ], "texture": "#front", "cullface": "north" },
        "south": { "uv": [ 0, 4, 3, 5 ], "texture": "#side", "cullface": "west" },
        "west":  { "uv": [ 0, 4, 3, 5 ], "texture": "#side", "cullface": "west" },
        "east":  { "uv": [ 13, 4, 16, 5 ], "texture": "#side", "cullface": "north" }
    }
},
{
    "from": [ 0, 12, 0 ],
    "to": [ 4, 13, 4 ],
    "faces": {
        "down":  { "uv": [ 4, 16, 0, 12 ], "rotation": 180, "texture": "#cap" },
        "north": { "uv": [ 12, 3, 16, 4 ], "texture": "#front", "cullface": "north" },
        "south": { "uv": [ 0, 3, 4, 4 ], "texture": "#side", "cullface": "west" },
        "west":  { "uv": [ 0, 3, 4, 4 ], "texture": "#side", "cullface": "west" },
        "east":  { "uv": [ 12, 3, 16, 4 ], "texture": "#front", "cullface": "north" }
    }
},
{
    "from": [ 0, 1, 0 ],
    "to": [ 3, 2, 3 ],
    "faces": {
        "up":    { "uv": [ 13, 13, 16, 16 ], "rotation": 180, "texture": "#cap" },
        "north": { "uv": [ 13, 14, 16, 15 ], "texture": "#front", "cullface": "north" },
        "south": { "uv": [ 0, 14, 3, 15 ], "texture": "#side", "cullface": "west" },
        "west":  { "uv": [ 0, 14, 3, 15 ], "texture": "#side", "cullface": "west" },
        "east":  { "uv": [ 13, 14, 16, 15 ], "texture": "#front", "cullface": "north" }
    }
},
{
    "from": [ 2, 13, 2 ],
    "to": [ 14, 15.5, 14 ],
    "faces": {
        "up":    { "uv": [ 2, 2, 14, 14 ], "texture": "#cap", "cullface": "up" }
    }
},
{
    "from": [ 2, 0.5, 2 ],
    "to": [ 14, 1, 14 ],
    "faces": {
        "down":  { "uv": [ 2, 14, 14, 5 ], "texture": "#side", "cullface": "down" },
        "up":    { "uv": [ 2, 2, 14, 14 ], "rotation": 90, "texture": "#cobblestone", "cullface": "north" }
    }
},
{
    "from": [ 4, 8, 0.5 ],
    "to": [ 12, 11, 1 ],
    "faces": {
        "down":  { "uv": [ 4, 8, 12, 7.5 ], "rotation": 180, "texture": "#front", "cullface": "north" },
        "up":    { "uv": [ 4, 5.5, 12, 5 ], "rotation": 180, "texture": "#front", "cullface": "north" },
        "north": { "uv": [ 4, 5, 12, 8 ], "texture": "#front", "cullface": "north" },
        "west":  { "uv": [ 4, 5, 4.5, 8 ], "texture": "#front", "cullface": "north" },
        "east":  { "uv": [ 11.5, 5, 12, 8 ], "texture": "#front", "cullface": "north" }
    }
},
{
    "from": [ 0, 0, 0 ],
    "to": [ 16, 1, 2 ],
    "faces": {
        "down":  { "uv": [ 16, 16, 0, 14 ], "rotation": 180, "texture": "#cap", "cullface": "down" },
        "up":    { "uv": [ 0, 14, 16, 16 ], "rotation": 180, "texture": "#cap", "cullface": "north" },
        "north": { "uv": [ 0, 15, 16, 16 ], "texture": "#front", "cullface": "north" },
        "south": { "uv": [ 0, 15, 16, 16 ], "texture": "#side", "cullface": "down" },
        "west":  { "uv": [ 0, 15, 2, 16 ], "texture": "#side", "cullface": "west" },
        "east":  { "uv": [ 14, 15, 16, 16 ], "texture": "#side", "cullface": "east" }
    }
},
{
    "from": [ 14, 0, 2 ],
    "to": [ 16, 1, 14 ],
    "faces": {
        "down":  { "uv": [ 16, 14, 14, 2 ], "rotation": 180, "texture": "#cap", "cullface": "down" },
        "up":    { "uv": [ 0, 2, 2, 14 ], "rotation": 180, "texture": "#cap", "cullface": "east" },
        "west":  { "uv": [ 2, 15, 14, 16 ], "texture": "#side", "cullface": "down" },
        "east":  { "uv": [ 2, 15, 14, 16 ], "texture": "#side", "cullface": "east" }
    }
},
{
    "from": [ 0, 0, 2 ],
    "to": [ 2, 1, 14 ],
    "faces": {
        "down":  { "uv": [ 2, 14, 0, 2 ], "rotation": 180, "texture": "#cap", "cullface": "down" },
        "up":    { "uv": [ 14, 2, 16, 14 ], "rotation": 180, "texture": "#cap", "cullface": "west" },
        "west":  { "uv": [ 2, 15, 14, 16 ], "texture": "#side", "cullface": "west" },
        "east":  { "uv": [ 2, 15, 14, 16 ], "texture": "#side", "cullface": "down" }
    }
},
{
    "from": [ 14, 2, 14 ],
    "to": [ 16, 11, 16 ],
    "faces": {
        "north": { "uv": [ 0, 5, 2, 14 ], "texture": "#side", "cullface": "east" },
        "south": { "uv": [ 14, 5, 16, 14 ], "texture": "#side", "cullface": "south" },
        "west":  { "uv": [ 14, 5, 16, 14 ], "texture": "#side", "cullface": "south" },
        "east":  { "uv": [ 0, 5, 2, 14 ], "texture": "#side", "cullface": "east" }
    }
},
{
    "from": [ 13, 1, 13 ],
    "to": [ 16, 2, 16 ],
    "faces": {
        "up":    { "uv": [ 0, 0, 3, 3 ], "rotation": 180, "texture": "#cap" },
        "north": { "uv": [ 0, 14, 3, 15 ], "texture": "#side", "cullface": "east" },
        "south": { "uv": [ 13, 14, 16, 15 ], "texture": "#side", "cullface": "south" },
        "west":  { "uv": [ 13, 14, 16, 15 ], "texture": "#side", "cullface": "south" },
        "east":  { "uv": [ 0, 14, 3, 15 ], "texture": "#side", "cullface": "east" }
    }
},
{
    "from": [ 13, 11, 13 ],
    "to": [ 16, 12, 16 ],
    "faces": {
        "down":  { "uv": [ 16, 3, 13, 0 ], "rotation": 180, "texture": "#cap" },
        "north": { "uv": [ 0, 4, 3, 5 ], "texture": "#side", "cullface": "east" },
        "south": { "uv": [ 13, 4, 16, 5 ], "texture": "#side", "cullface": "south" },
        "west":  { "uv": [ 13, 4, 16, 5 ], "texture": "#side", "cullface": "south" },
        "east":  { "uv": [ 0, 4, 3, 5 ], "texture": "#side", "cullface": "east" }
    }
},
{
    "from": [ 12, 12, 12 ],
    "to": [ 16, 13, 16 ],
    "faces": {
        "down":  { "uv": [ 16, 4, 12, 0 ], "rotation": 180, "texture": "#cap" },
        "north": { "uv": [ 0, 3, 4, 4 ], "texture": "#side", "cullface": "east" },
        "south": { "uv": [ 12, 3, 16, 4 ], "texture": "#side", "cullface": "south" },
        "west":  { "uv": [ 12, 3, 16, 4 ], "texture": "#side", "cullface": "south" },
        "east":  { "uv": [ 0, 3, 4, 4 ], "texture": "#side", "cullface": "east" }
    }
},
{
    "from": [ 0, 12, 12 ],
    "to": [ 4, 13, 16 ],
    "faces": {
        "down":  { "uv": [ 4, 4, 0, 0 ], "rotation": 180, "texture": "#cap" },
        "north": { "uv": [ 12, 3, 16, 4 ], "texture": "#side", "cullface": "west" },
        "south": { "uv": [ 0, 3, 4, 4 ], "texture": "#side", "cullface": "south" },
        "west":  { "uv": [ 12, 3, 16, 4 ], "texture": "#side", "cullface": "west" },
        "east":  { "uv": [ 0, 3, 4, 4 ], "texture": "#side", "cullface": "south" }
    }
},
{
    "from": [ 0, 11, 13 ],
    "to": [ 3, 12, 16 ],
    "faces": {
        "down":  { "uv": [ 3, 3, 0, 0 ], "rotation": 180, "texture": "#cap" },
        "north": { "uv": [ 13, 4, 16, 5 ], "texture": "#side", "cullface": "west" },
        "south": { "uv": [ 0, 4, 3, 5 ], "texture": "#side", "cullface": "south" },
        "west":  { "uv": [ 13, 4, 16, 5 ], "texture": "#side", "cullface": "west" },
        "east":  { "uv": [ 0, 4, 3, 5 ], "texture": "#side", "cullface": "south" }
    }
},
{
    "from": [ 0, 2, 14 ],
    "to": [ 2, 11, 16 ],
    "faces": {
        "north": { "uv": [ 14, 5, 16, 14 ], "texture": "#side", "cullface": "west" },
        "south": { "uv": [ 0, 5, 2, 14 ], "texture": "#side", "cullface": "south" },
        "west":  { "uv": [ 14, 5, 16, 14 ], "texture": "#side", "cullface": "west" },
        "east":  { "uv": [ 0, 5, 2, 14 ], "texture": "#side", "cullface": "south" }
    }
},
{
    "from": [ 0, 1, 13 ],
    "to": [ 3, 2, 16 ],
    "faces": {
        "up":    { "uv": [ 13, 0, 16, 3 ], "rotation": 180, "texture": "#cap" },
        "north": { "uv": [ 13, 14, 16, 15 ], "texture": "#side", "cullface": "west" },
        "south": { "uv": [ 0, 14, 3, 15 ], "texture": "#side", "cullface": "south" },
        "west":  { "uv": [ 13, 14, 16, 15 ], "texture": "#side", "cullface": "west" },
        "east":  { "uv": [ 0, 14, 3, 15 ], "texture": "#side", "cullface": "south" }
    }
}
]
}