{
"__comment": "Designed by Sphax with BDcraft Cubik PRO 0.76 Beta - http://bdcraft.net",
"ambientocclusion": false,
"textures": {
    "particle": "block/iron_door_top",
    "top": "block/iron_door_top"
},
"elements": [ 
{
    "from": [ 0, 8, 14 ],
    "to": [ 3, 11, 16 ],
    "faces": {
        "down":  { "uv": [ 0, 5, 2, 5.5 ], "texture": "#top" },
        "up":    { "uv": [ 0, 7.5, 2, 8 ], "texture": "#top" },
        "north": { "uv": [ 1.5, 5, 2, 8 ], "texture": "#top" },
        "south": { "uv": [ 0, 5, 0.5, 8 ], "texture": "#top" },
        "west":  { "uv": [ 2, 5, 0, 8 ], "texture": "#top" },
        "east":  { "uv": [ 0, 5, 2, 8 ], "texture": "#top" }
    }
},
{
    "from": [ 0, 0, 9 ],
    "to": [ 1, 13, 10 ],
    "faces": {
        "up":    { "uv": [ 7, 3, 6, 4 ], "rotation": 90, "texture": "#top" },
        "north": { "uv": [ 7, 4, 6, 7 ], "texture": "#top" },
        "south": { "uv": [ 7, 4, 6, 7 ], "texture": "#top" },
        "west":  { "uv": [ 7, 3, 6, 16 ], "texture": "#top" },
        "east":  { "uv": [ 6, 3, 7, 16 ], "texture": "#top" }
    }
},
{
    "from": [ 0, 0, 6 ],
    "to": [ 1, 13, 7 ],
    "faces": {
        "up":    { "uv": [ 7, 3, 6, 4 ], "rotation": 90, "texture": "#top" },
        "north": { "uv": [ 10, 4, 9, 7 ], "texture": "#top" },
        "south": { "uv": [ 10, 4, 9, 7 ], "texture": "#top" },
        "west":  { "uv": [ 10, 3, 9, 16 ], "texture": "#top" },
        "east":  { "uv": [ 9, 3, 10, 16 ], "texture": "#top" }
    }
},
{
    "from": [ 0, 1, 3 ],
    "to": [ 1, 2, 13 ],
    "faces": {
        "down":  { "uv": [ 4, 14, 6, 15 ], "rotation": 90, "texture": "#top" },
        "up":    { "uv": [ 4, 14, 6, 15 ], "rotation": 90, "texture": "#top" },
        "north": { "uv": [ 4, 14, 6, 15 ], "texture": "#top" },
        "south": { "uv": [ 4, 14, 6, 15 ], "texture": "#top" },
        "west":  { "uv": [ 3, 14, 13, 15 ], "texture": "#top" },
        "east":  { "uv": [ 3, 14, 13, 15 ], "texture": "#top" }
    }
},
{
    "from": [ 0, 7, 3 ],
    "to": [ 1, 8, 13 ],
    "faces": {
        "down":  { "uv": [ 4, 8, 6, 9 ], "rotation": 90, "texture": "#top" },
        "up":    { "uv": [ 4, 8, 6, 9 ], "rotation": 90, "texture": "#top" },
        "north": { "uv": [ 4, 8, 6, 9 ], "texture": "#top" },
        "south": { "uv": [ 4, 8, 6, 9 ], "texture": "#top" },
        "west":  { "uv": [ 3, 8, 13, 9 ], "texture": "#top" },
        "east":  { "uv": [ 3, 8, 13, 9 ], "texture": "#top" }
    }
},
{
    "from": [ 2, 1, 3 ],
    "to": [ 3, 2, 13 ],
    "faces": {
        "down":  { "uv": [ 4, 14, 6, 15 ], "rotation": 90, "texture": "#top" },
        "up":    { "uv": [ 4, 14, 6, 15 ], "rotation": 90, "texture": "#top" },
        "north": { "uv": [ 4, 14, 6, 15 ], "texture": "#top" },
        "south": { "uv": [ 4, 14, 6, 15 ], "texture": "#top" },
        "west":  { "uv": [ 3, 14, 13, 15 ], "texture": "#top" },
        "east":  { "uv": [ 3, 14, 13, 15 ], "texture": "#top" }
    }
},
{
    "from": [ 2, 7, 3 ],
    "to": [ 3, 8, 13 ],
    "faces": {
        "down":  { "uv": [ 4, 8, 6, 9 ], "rotation": 90, "texture": "#top" },
        "up":    { "uv": [ 4, 8, 6, 9 ], "rotation": 90, "texture": "#top" },
        "north": { "uv": [ 4, 8, 6, 9 ], "texture": "#top" },
        "south": { "uv": [ 4, 8, 6, 9 ], "texture": "#top" },
        "west":  { "uv": [ 3, 8, 13, 9 ], "texture": "#top" },
        "east":  { "uv": [ 3, 8, 13, 9 ], "texture": "#top" }
    }
},
{
    "from": [ 2, 0, 6 ],
    "to": [ 3, 13, 7 ],
    "faces": {
        "up":    { "uv": [ 7, 3, 6, 4 ], "rotation": 90, "texture": "#top" },
        "north": { "uv": [ 10, 4, 9, 7 ], "texture": "#top" },
        "south": { "uv": [ 10, 4, 9, 7 ], "texture": "#top" },
        "west":  { "uv": [ 10, 3, 9, 16 ], "texture": "#top" },
        "east":  { "uv": [ 9, 3, 10, 16 ], "texture": "#top" }
    }
},
{
    "from": [ 2, 0, 9 ],
    "to": [ 3, 13, 10 ],
    "faces": {
        "up":    { "uv": [ 7, 3, 6, 4 ], "rotation": 90, "texture": "#top" },
        "north": { "uv": [ 7, 4, 6, 7 ], "texture": "#top" },
        "south": { "uv": [ 7, 4, 6, 7 ], "texture": "#top" },
        "west":  { "uv": [ 7, 3, 6, 16 ], "texture": "#top" },
        "east":  { "uv": [ 6, 3, 7, 16 ], "texture": "#top" }
    }
},
{
    "from": [ 1, 12, 4 ],
    "to": [ 2, 13, 12 ],
    "faces": {
        "down":  { "uv": [ 12, 10, 12.5, 13 ], "texture": "#top" },
        "west":  { "uv": [ 12, 3, 10.5, 4 ], "texture": "#top" },
        "east":  { "uv": [ 4, 3, 5.5, 4 ], "texture": "#top" }
    }
},
{
    "from": [ 1, 0, 3 ],
    "to": [ 2, 13, 4 ],
    "faces": {
        "south": { "uv": [ 12, 10, 12.5, 12.5 ], "texture": "#top" },
        "west":  { "uv": [ 13, 3, 12, 16 ], "texture": "#top" },
        "east":  { "uv": [ 12, 3, 13, 16 ], "texture": "#top" }
    }
},
{
    "from": [ 1, 0, 12 ],
    "to": [ 2, 13, 13 ],
    "faces": {
        "north": { "uv": [ 3.5, 9.5, 4, 13 ], "texture": "#top" },
        "west":  { "uv": [ 4, 3, 3, 16 ], "texture": "#top" },
        "east":  { "uv": [ 3, 3, 4, 16 ], "texture": "#top" }
    }
},
{
    "from": [ 0.5, 0, 0 ],
    "to": [ 2.5, 13, 3 ],
    "faces": {
        "north": { "uv": [ 14.5, 8.5, 16, 10.5 ], "texture": "#top" },
        "south": { "uv": [ 2.5, 5, 3, 7 ], "texture": "#top" },
        "west":  { "uv": [ 16, 3, 13, 16 ], "texture": "#top" },
        "east":  { "uv": [ 13, 3, 16, 16 ], "texture": "#top" }
    }
},
{
    "from": [ 0.5, 0, 13 ],
    "to": [ 2.5, 13, 16 ],
    "faces": {
        "north": { "uv": [ 2.5, 4, 3, 6 ], "texture": "#top" },
        "south": { "uv": [ 0, 3, 0.5, 16 ], "texture": "#top" },
        "west":  { "uv": [ 3, 3, 0, 16 ], "texture": "#top" },
        "east":  { "uv": [ 0, 3, 3, 16 ], "texture": "#top" }
    }
},
{
    "from": [ 0.5, 13, 0 ],
    "to": [ 2.5, 16, 16 ],
    "faces": {
        "down":  { "uv": [ 0, 0, 16, 0.5 ], "rotation": 270, "texture": "#top" },
        "up":    { "uv": [ 16, 8.5, 14.5, 10.5 ], "rotation": 180, "texture": "#top" },
        "north": { "uv": [ 14.5, 8.5, 16, 10.5 ], "texture": "#top" },
        "south": { "uv": [ 0, 0, 0.5, 3 ], "texture": "#top" },
        "west":  { "uv": [ 16, 0, 0, 3 ], "texture": "#top" },
        "east":  { "uv": [ 0, 0, 16, 3 ], "texture": "#top" }
    }
}
]
}