{
	"__comment": "Designed by Sphax with BDcraft Cubik PRO 0.75 Beta - http://bdcraft.net",
	"parent": "block/thin_block",
	"textures": {
		"particle": "block/iron_trapdoor",
		"texture": "block/iron_trapdoor",
		"side": "block/_bdc/iron_trapdoor_side",
		"overlay": "block/_bdc/iron_trapdoor_overlay",
		"border": "block/_bdc/iron_trapdoor_border"
	},
	"elements": [ 	 
		{
			"__comment": "Border",
			"from": [ 0, 0, 13.5 ],
			"to": [ 16, 16, 15.5 ],
			"faces": {
				"down": { "uv": [ 0, 13.5, 16, 15.5 ], "texture": "#side", "cullface": "down" },
				"up": { "uv": [ 16, 11.5, 0, 9.5 ], "texture": "#side", "cullface": "up" },
				"north": { "uv": [ 0, 0, 16, 16 ], "texture": "#border" },
				"south": { "uv": [ 0, 0, 16, 16 ], "texture": "#border" },
				"west": { "uv": [ 0, 5.5, 16, 7.5 ], "texture": "#side", "cullface": "west", "rotation": 90 },
				"east": { "uv": [ 0, 1.5, 16, 3.5 ], "texture": "#side", "cullface": "east", "rotation": 270 }
			}
		},
		{
			"__comment": "HingeL",
			"from": [ 2.5, 0, 13 ],
			"to": [ 4.5, 2, 16 ],
			"faces": {
				"down": { "uv": [ 2.5, 13, 4.5, 16 ], "texture": "#side", "cullface": "down" },
				"up": { "uv": [ 13.5, 12, 11.5, 9 ], "texture": "#side" },
				"north": { "uv": [ 2, 14, 4, 16 ], "texture": "#overlay" },
				"south": { "uv": [ 2, 14, 4, 16 ], "texture": "#overlay", "cullface": "south" },
				"west": { "uv": [ 14, 5, 16, 8 ], "texture": "#side", "rotation": 90 },
				"east": { "uv": [ 0, 1, 2, 4 ], "texture": "#side", "rotation": 270 }
			}
		},
		{
			"__comment": "HingeR",
			"from": [ 11.5, 0, 13 ],
			"to": [ 13.5, 2, 16 ],
			"faces": {
				"down": { "uv": [ 11.5, 13, 13.5, 16 ], "texture": "#side", "cullface": "down" },
				"up": { "uv": [ 4.5, 12, 2.5, 9 ], "texture": "#side" },
				"north": { "uv": [ 12, 14, 14, 16 ], "texture": "#overlay" },
				"south": { "uv": [ 12, 14, 14, 16 ], "texture": "#overlay", "cullface": "south" },
				"west": { "uv": [ 14, 5, 16, 8 ], "texture": "#side", "rotation": 90 },
				"east": { "uv": [ 0, 1, 2, 4 ], "texture": "#side", "rotation": 270 }
			}
		},
		{
			"__comment": "HandleBottom",
			"from": [ 6.5, 11.5, 13 ],
			"to": [ 9.5, 15.5, 13.5 ],
			"faces": {
				"down": { "uv": [ 2.5, 15.5, 4.5, 16 ], "texture": "#side" },
				"up": { "uv": [ 4.5, 16, 2.5, 15.5 ], "texture": "#side" },
				"north": { "uv": [ 3, 4, 0, 0 ], "texture": "#overlay" },
				"south": { "uv": [ 0, 0, 3, 4 ], "texture": "#overlay" },
				"west": { "uv": [ 6.5, 15.5, 9.5, 16 ], "texture": "#side", "rotation": 90 },
				"east": { "uv": [ 6.5, 15.5, 9.5, 16 ], "texture": "#side", "rotation": 270 }
			}
		},
		{
			"__comment": "HorizBar",
			"from": [ 2.5, 7.5, 14 ],
			"to": [ 13.5, 8.5, 15 ],
			"faces": {
				"down": { "uv": [ 2.5, 7.5, 13.5, 8.5 ], "texture": "#texture" },
				"up": { "uv": [ 13.5, 8.5, 2.5, 7.5 ], "texture": "#texture" },
				"north": { "uv": [ 2.5, 7.5, 13.5, 8.5 ], "texture": "#texture" },
				"south": { "uv": [ 2.5, 7.5, 13.5, 8.5 ], "texture": "#texture" }
			}
		},
		{
			"__comment": "HorizBar",
			"from": [ 2.5, 4.5, 14 ],
			"to": [ 13.5, 5.5, 15 ],
			"faces": {
				"down": { "uv": [ 2.5, 7.5, 13.5, 8.5 ], "texture": "#texture" },
				"up": { "uv": [ 13.5, 8.5, 2.5, 7.5 ], "texture": "#texture" },
				"north": { "uv": [ 2.5, 7.5, 13.5, 8.5 ], "texture": "#texture" },
				"south": { "uv": [ 2.5, 7.5, 13.5, 8.5 ], "texture": "#texture" }
			}
		},
		{
			"__comment": "HorizBar",
			"from": [ 2.5, 10.5, 14 ],
			"to": [ 13.5, 11.5, 15 ],
			"faces": {
				"down": { "uv": [ 2.5, 7.5, 13.5, 8.5 ], "texture": "#texture" },
				"up": { "uv": [ 13.5, 8.5, 2.5, 7.5 ], "texture": "#texture" },
				"north": { "uv": [ 2.5, 7.5, 13.5, 8.5 ], "texture": "#texture" },
				"south": { "uv": [ 2.5, 7.5, 13.5, 8.5 ], "texture": "#texture" }
			}
		},
		{
			"__comment": "VertiBar",
			"from": [ 7.5, 2.5, 14 ],
			"to": [ 8.5, 13.5, 15 ],
			"faces": {
				"down": { "uv": [ 2.5, 7.5, 3.5, 8.5 ], "texture": "#texture" },
				"up": { "uv": [ 8.5, 15, 7.5, 14 ], "texture": "#texture" },
				"north": { "uv": [ 7.5, 2.5, 8.5, 13.5 ], "texture": "#texture" },
				"south": { "uv": [ 7.5, 2.5, 8.5, 13.5 ], "texture": "#texture" },
				"west": { "uv": [ 2.5, 7.5, 13.5, 8.5 ], "texture": "#texture", "rotation": 90 },
				"east": { "uv": [ 2.5, 7.5, 13.5, 8.5 ], "texture": "#texture", "rotation": 270 }
			}
		},
		{
			"__comment": "VertiBar",
			"from": [ 10.5, 2.5, 14 ],
			"to": [ 11.5, 13.5, 15 ],
			"faces": {
				"down": { "uv": [ 2.5, 7.5, 3.5, 8.5 ], "texture": "#texture" },
				"up": { "uv": [ 8.5, 15, 7.5, 14 ], "texture": "#texture" },
				"north": { "uv": [ 7.5, 2.5, 8.5, 13.5 ], "texture": "#texture" },
				"south": { "uv": [ 7.5, 2.5, 8.5, 13.5 ], "texture": "#texture" },
				"west": { "uv": [ 2.5, 7.5, 13.5, 8.5 ], "texture": "#texture", "rotation": 90 },
				"east": { "uv": [ 2.5, 7.5, 13.5, 8.5 ], "texture": "#texture", "rotation": 270 }
			}
		},
		{
			"__comment": "VertiBar",
			"from": [ 4.5, 2.5, 14 ],
			"to": [ 5.5, 13.5, 15 ],
			"faces": {
				"down": { "uv": [ 2.5, 7.5, 3.5, 8.5 ], "texture": "#texture" },
				"up": { "uv": [ 8.5, 15, 7.5, 14 ], "texture": "#texture" },
				"north": { "uv": [ 7.5, 2.5, 8.5, 13.5 ], "texture": "#texture" },
				"south": { "uv": [ 7.5, 2.5, 8.5, 13.5 ], "texture": "#texture" },
				"west": { "uv": [ 2.5, 7.5, 13.5, 8.5 ], "texture": "#texture", "rotation": 90 },
				"east": { "uv": [ 2.5, 7.5, 13.5, 8.5 ], "texture": "#texture", "rotation": 270 }
			}
		},
		{
			"__comment": "Inner",
			"from": [ 2.5, 1.5, 13.5 ],
			"to": [ 13.5, 2.5, 15.5 ],
			"faces": {
				"up": { "uv": [ 7, 15.5, 6.5, 13.5 ], "texture": "#side" }
			}
		},
		{
			"__comment": "Inner",
			"from": [ 2.5, 13.5, 13.5 ],
			"to": [ 13.5, 14.5, 15.5 ],
			"faces": {
				"down": { "uv": [ 6.5, 13.5, 7, 15.5 ], "texture": "#side" }
			}
		},
		{
			"__comment": "Inner",
			"from": [ 13.5, 2.5, 13.5 ],
			"to": [ 14.5, 13.5, 15.5 ],
			"faces": {
				"west": { "uv": [ 6.5, 13.5, 7, 15.5 ], "texture": "#side", "rotation": 90 }
			}
		},
		{
			"__comment": "Inner",
			"from": [ 1.5, 2.5, 13.5 ],
			"to": [ 2.5, 13.5, 15.5 ],
			"faces": {
				"east": { "uv": [ 6.5, 13.5, 7, 15.5 ], "texture": "#side", "rotation": 270 }
			}
		},
		{
			"__comment": "InnerCorner",
			"from": [ 12.45, 13.5, 13.51 ],
			"to": [ 13.95, 14.5, 15.49 ],
			"rotation": { "origin": [ 12.45, 13.5, 13.51 ], "axis": "z", "angle": -45 },
			"faces": {
				"down": { "uv": [ 6.5, 13.5, 7, 15.5 ], "texture": "#side" },
				"north": { "uv": [ 12.875, 2.75, 13, 2.875 ], "texture": "#border" },
				"south": { "uv": [ 12.875, 2.75, 13, 2.875 ], "texture": "#border" }
			}
		},
		{
			"__comment": "InnerCorner",
			"from": [ 12.445, 1.505, 13.51 ],
			"to": [ 13.945, 2.505, 15.49 ],
			"rotation": { "origin": [ 12.45, 2.5, 13.51 ], "axis": "z", "angle": 45 },
			"faces": {
				"up": { "uv": [ 7, 15.5, 6.5, 13.5 ], "texture": "#side" },
				"north": { "uv": [ 13.5, 13.5, 13, 13 ], "texture": "#border" },
				"south": { "uv": [ 13, 13, 13.5, 13.5 ], "texture": "#border" }
			}
		},
		{
			"__comment": "InnerCorner",
			"from": [ 2.5, 12.435, 13.51 ],
			"to": [ 4, 13.435, 15.49 ],
			"rotation": { "origin": [ 2.5, 12.435, 13.51 ], "axis": "z", "angle": 45 },
			"faces": {
				"down": { "uv": [ 6.5, 13.5, 7, 15.5 ], "texture": "#side" },
				"north": { "uv": [ 3, 3.5, 2.5, 3 ], "texture": "#border" },
				"south": { "uv": [ 2.5, 3, 3, 3.5 ], "texture": "#border" }
			}
		},
		{
			"__comment": "InnerCorner",
			"from": [ 2.5021, 2.558, 13.51 ],
			"to": [ 4.0021, 3.558, 15.49 ],
			"rotation": { "origin": [ 2.5, 3.56, 13.51 ], "axis": "z", "angle": -45 },
			"faces": {
				"up": { "uv": [ 7, 15.5, 6.5, 13.5 ], "texture": "#side" },
				"north": { "uv": [ 3, 13.5, 2.5, 13 ], "texture": "#border" },
				"south": { "uv": [ 3, 2.5, 3.5, 3 ], "texture": "#border" }
			}
		},
		{
			"__comment": "HandleBottom",
			"from": [ 6.5, 11.5, 15.5 ],
			"to": [ 9.5, 15.5, 16 ],
			"faces": {
				"down": { "uv": [ 2.5, 13, 4.5, 13.5 ], "texture": "#side" },
				"up": { "uv": [ 4.5, 13.5, 2.5, 13 ], "texture": "#side" },
				"north": { "uv": [ 0, 0, 3, 4 ], "texture": "#overlay" },
				"south": { "uv": [ 0, 0, 3, 4 ], "texture": "#overlay", "cullface": "south" },
				"west": { "uv": [ 6.5, 13, 9.5, 13.5 ], "texture": "#side", "rotation": 90 },
				"east": { "uv": [ 6.5, 13, 9.5, 13.5 ], "texture": "#side", "rotation": 270 }
			}
		}
	]
}