{
	"__comment": "Designed by the resident Inuit with BDcraft Cubik Pro - http://bdcraft.net",
	"parent": "block/block",
	"textures": {
		"particle": "block/iron_bars",
		"bars": "block/iron_bars"
	},
	"elements": [
		{
			"from": [ 7.25, 0, 7.25 ],
			"to": [ 8.75, 16, 8.75 ],
			"faces": {
				"down": { "uv": [ 0, 0, 2, 2 ], "texture": "#bars" },
				"up": { "uv": [ 0, 0, 2, 2 ], "texture": "#bars" },
				"north": { "uv": [ 7, 0, 9, 0.5 ], "texture": "#bars" },
				"south": { "uv": [ 7, 0, 9, 0.5 ], "texture": "#bars" },
				"west": { "uv": [ 7, 0, 9, 0.5 ], "texture": "#bars" },
				"east": { "uv": [ 7, 0, 9, 0.5 ], "texture": "#bars" }
			}
		}
	]
}