{
"__comment": "Designed by Sphax with BDcraft Cubik PRO 0.90 Beta - http://bdcraft.net",
"ambientocclusion": false,
"textures": {
    "particle": "block/3d/rail_01",
    "rail": "block/3d/rail_01",
    "rail2": "block/3d/rail_02"
},
"elements": [ 
{
    "from": [ 2, 17, 0 ],
    "to": [ 4.5, 18, 16 ],
    "rotation": { "origin": [ 2, 18, 0 ], "axis": "x", "angle": 45, "rescale": true },
    "faces": {
        "down":  { "uv": [ 0, 0, 3, 3 ], "texture": "#rail" },
        "up":    { "uv": [ 0, 0, 3, 3 ], "texture": "#rail" },
        "north": { "uv": [ 0, 0, 3, 1 ], "texture": "#rail", "cullface": "north" },
        "south": { "uv": [ 0, 0, 3, 1 ], "texture": "#rail", "cullface": "south" },
        "west":  { "uv": [ 14.5, 0.5, 15.5, 1.5 ], "texture": "#rail" },
        "east":  { "uv": [ 14.5, 0.5, 15.5, 1.5 ], "texture": "#rail" }
    }
},
{
    "from": [ 11.5, 17, 0 ],
    "to": [ 14, 18, 16 ],
    "rotation": { "origin": [ 11.5, 18, 0 ], "axis": "x", "angle": 45, "rescale": true },
    "faces": {
        "down":  { "uv": [ 0, 0, 3, 3 ], "texture": "#rail" },
        "up":    { "uv": [ 0, 0, 3, 3 ], "texture": "#rail" },
        "north": { "uv": [ 0, 0, 3, 1 ], "texture": "#rail", "cullface": "north" },
        "south": { "uv": [ 0, 0, 3, 1 ], "texture": "#rail", "cullface": "south" },
        "west":  { "uv": [ 14.5, 0.5, 15.5, 1.5 ], "texture": "#rail" },
        "east":  { "uv": [ 14.5, 0.5, 15.5, 1.5 ], "texture": "#rail" }
    }
},
{
    "from": [ 1, 15, 1 ],
    "to": [ 15, 16, 3.5 ],
    "rotation": { "origin": [ 1, 16, 1 ], "axis": "x", "angle": 45 },
    "faces": {
        "down":  { "uv": [ 0, 3, 14, 6 ], "texture": "#rail" },
        "up":    { "uv": [ 0, 3, 14, 6 ], "texture": "#rail" },
        "north": { "uv": [ 0, 5.5, 14, 6 ], "texture": "#rail" },
        "south": { "uv": [ 0, 5.5, 14, 6 ], "texture": "#rail" },
        "west":  { "uv": [ 0, 3, 0.5, 6 ], "rotation": 270, "texture": "#rail" },
        "east":  { "uv": [ 13.5, 3, 14, 6 ], "rotation": 90, "texture": "#rail" }
    }
},
{
    "from": [ 1, 11, 5 ],
    "to": [ 15, 12, 7.5 ],
    "rotation": { "origin": [ 1, 12, 5 ], "axis": "x", "angle": 45 },
    "faces": {
        "down":  { "uv": [ 0, 6, 14, 9 ], "texture": "#rail" },
        "up":    { "uv": [ 0, 6, 14, 9 ], "texture": "#rail" },
        "north": { "uv": [ 0, 8.5, 14, 9 ], "texture": "#rail" },
        "south": { "uv": [ 0, 8.5, 14, 9 ], "texture": "#rail" },
        "west":  { "uv": [ 0, 6, 0.5, 9 ], "rotation": 270, "texture": "#rail" },
        "east":  { "uv": [ 13.5, 6, 14, 9 ], "rotation": 90, "texture": "#rail" }
    }
},
{
    "from": [ 1, 7, 9 ],
    "to": [ 15, 8, 11.5 ],
    "rotation": { "origin": [ 1, 8, 9 ], "axis": "x", "angle": 45 },
    "faces": {
        "down":  { "uv": [ 0, 9, 14, 12 ], "texture": "#rail" },
        "up":    { "uv": [ 0, 9, 14, 12 ], "texture": "#rail" },
        "north": { "uv": [ 0, 11.5, 14, 12 ], "texture": "#rail" },
        "south": { "uv": [ 0, 11.5, 14, 12 ], "texture": "#rail" },
        "west":  { "uv": [ 0, 9, 0.5, 12 ], "rotation": 270, "texture": "#rail" },
        "east":  { "uv": [ 13.5, 9, 14, 12 ], "rotation": 90, "texture": "#rail" }
    }
},
{
    "from": [ 1, 3, 13 ],
    "to": [ 15, 4, 15.5 ],
    "rotation": { "origin": [ 1, 4, 13 ], "axis": "x", "angle": 45 },
    "faces": {
        "down":  { "uv": [ 0, 12, 14, 15 ], "texture": "#rail" },
        "up":    { "uv": [ 0, 12, 14, 15 ], "texture": "#rail" },
        "north": { "uv": [ 0, 14.5, 14, 15 ], "texture": "#rail" },
        "south": { "uv": [ 0, 14.5, 14, 15 ], "texture": "#rail" },
        "west":  { "uv": [ 0, 12, 0.5, 15 ], "rotation": 270, "texture": "#rail" },
        "east":  { "uv": [ 13.5, 12, 14, 15 ], "rotation": 90, "texture": "#rail" }
    }
},
{
    "from": [ 2.5, 0, 0 ],
    "to": [ 4, 16.5, 1.5 ],
    "faces": {
        "down":  { "uv": [ 0, 15, 1, 16 ], "texture": "#rail", "cullface": "down" },
        "north": { "uv": [ 14, 3, 16, 16 ], "texture": "#rail", "cullface": "north" },
        "south": { "uv": [ 14, 3, 16, 16 ], "texture": "#rail" },
        "west":  { "uv": [ 14, 3, 16, 16 ], "texture": "#rail" },
        "east":  { "uv": [ 14, 3, 16, 16 ], "texture": "#rail" }
    }
},
{
    "from": [ 2.5, 0, 6 ],
    "to": [ 4, 10, 7.5 ],
    "faces": {
        "down":  { "uv": [ 0, 15, 1, 16 ], "texture": "#rail", "cullface": "down" },
        "north": { "uv": [ 14, 6, 16, 16 ], "texture": "#rail" },
        "south": { "uv": [ 14, 6, 16, 16 ], "texture": "#rail" },
        "west":  { "uv": [ 14, 6, 16, 16 ], "texture": "#rail" },
        "east":  { "uv": [ 14, 6, 16, 16 ], "texture": "#rail" }
    }
},
{
    "from": [ 2.5, 0, 12 ],
    "to": [ 4, 4, 13.5 ],
    "faces": {
        "down":  { "uv": [ 0, 15, 1, 16 ], "texture": "#rail", "cullface": "down" },
        "north": { "uv": [ 14, 12, 16, 16 ], "texture": "#rail" },
        "south": { "uv": [ 14, 12, 16, 16 ], "texture": "#rail" },
        "west":  { "uv": [ 14, 12, 16, 16 ], "texture": "#rail" },
        "east":  { "uv": [ 14, 12, 16, 16 ], "texture": "#rail" }
    }
},
{
    "from": [ 12, 0, 12 ],
    "to": [ 13.5, 4, 13.5 ],
    "faces": {
        "down":  { "uv": [ 0, 15, 1, 16 ], "texture": "#rail", "cullface": "down" },
        "north": { "uv": [ 14, 12, 16, 16 ], "texture": "#rail" },
        "south": { "uv": [ 14, 12, 16, 16 ], "texture": "#rail" },
        "west":  { "uv": [ 14, 12, 16, 16 ], "texture": "#rail" },
        "east":  { "uv": [ 14, 12, 16, 16 ], "texture": "#rail" }
    }
},
{
    "from": [ 12, 0, 6 ],
    "to": [ 13.5, 10, 7.5 ],
    "faces": {
        "down":  { "uv": [ 0, 15, 1, 16 ], "texture": "#rail", "cullface": "down" },
        "north": { "uv": [ 14, 6, 16, 16 ], "texture": "#rail" },
        "south": { "uv": [ 14, 6, 16, 16 ], "texture": "#rail" },
        "west":  { "uv": [ 14, 6, 16, 16 ], "texture": "#rail" },
        "east":  { "uv": [ 14, 6, 16, 16 ], "texture": "#rail" }
    }
},
{
    "from": [ 12, 0, 0 ],
    "to": [ 13.5, 16.5, 1.5 ],
    "faces": {
        "down":  { "uv": [ 0, 15, 1, 16 ], "texture": "#rail", "cullface": "down" },
        "north": { "uv": [ 14, 3, 16, 16 ], "texture": "#rail", "cullface": "north" },
        "south": { "uv": [ 14, 3, 16, 16 ], "texture": "#rail" },
        "west":  { "uv": [ 14, 3, 16, 16 ], "texture": "#rail" },
        "east":  { "uv": [ 14, 3, 16, 16 ], "texture": "#rail" }
    }
}
]
}