{
	"__comment": "Designed by the resident Inuit with Cubik Studio - http://bdcraft.net",
	"parent": "block/block",
	"textures": {
		"particle": "block/observer_front",
		"front": "block/observer_front",
		"back": "block/observer_back",
		"d": "block/observer_top_d",
		"l": "block/observer_top_l",
		"r": "block/observer_top_r",
		"u": "block/observer_top_u"
	},
	"elements": [
		{
			"from": [ 0, 14, 0 ],
			"to": [ 16, 16, 2 ],
			"faces": {
				"down": { "uv": [ 0, 14, 16, 16 ], "texture": "#d" },
				"up": { "uv": [ 0, 0, 16, 2 ], "texture": "#d", "cullface": "up" },
				"north": { "uv": [ 0, 0, 16, 2 ], "texture": "#d", "cullface": "north" },
				"south": { "uv": [ 0, 0, 16, 2 ], "texture": "#d" },
				"west": { "uv": [ 0, 0, 2, 2 ], "texture": "#d", "cullface": "west" },
				"east": { "uv": [ 14, 0, 16, 2 ], "texture": "#d", "cullface": "east" }
			}
		},
		{
			"from": [ 0, 0, 0 ],
			"to": [ 16, 2, 2 ],
			"faces": {
				"down": { "uv": [ 0, 14, 16, 16 ], "texture": "#d", "cullface": "down" },
				"up": { "uv": [ 0, 0, 16, 2 ], "texture": "#d" },
				"north": { "uv": [ 0, 14, 16, 16 ], "texture": "#d", "cullface": "north" },
				"south": { "uv": [ 0, 14, 16, 16 ], "texture": "#d" },
				"west": { "uv": [ 0, 14, 2, 16 ], "texture": "#d", "cullface": "west" },
				"east": { "uv": [ 14, 14, 16, 16 ], "texture": "#d", "cullface": "east" }
			}
		},
		{
			"from": [ 0, 0, 14 ],
			"to": [ 16, 2, 16 ],
			"faces": {
				"down": { "uv": [ 0, 0, 16, 2 ], "texture": "#d", "cullface": "down" },
				"up": { "uv": [ 0, 14, 16, 16 ], "texture": "#d" },
				"north": { "uv": [ 0, 14, 16, 16 ], "texture": "#d" },
				"south": { "uv": [ 0, 14, 16, 16 ], "texture": "#d", "cullface": "south" },
				"west": { "uv": [ 14, 14, 16, 16 ], "texture": "#d", "cullface": "west" },
				"east": { "uv": [ 0, 14, 2, 16 ], "texture": "#d", "cullface": "east" }
			}
		},
		{
			"from": [ 0, 14, 14 ],
			"to": [ 16, 16, 16 ],
			"faces": {
				"down": { "uv": [ 0, 0, 16, 2 ], "texture": "#d" },
				"up": { "uv": [ 0, 14, 16, 16 ], "texture": "#d", "cullface": "up" },
				"north": { "uv": [ 0, 0, 16, 2 ], "texture": "#d" },
				"south": { "uv": [ 0, 0, 16, 2 ], "texture": "#d", "cullface": "south" },
				"west": { "uv": [ 14, 0, 16, 2 ], "texture": "#d", "cullface": "west" },
				"east": { "uv": [ 0, 0, 2, 2 ], "texture": "#d", "cullface": "east" }
			}
		},
		{
			"from": [ 14, 14, 2 ],
			"to": [ 16, 16, 14 ],
			"faces": {
				"down": { "uv": [ 14, 2, 16, 14 ], "texture": "#d" },
				"up": { "uv": [ 14, 2, 16, 14 ], "texture": "#d", "cullface": "up" },
				"west": { "uv": [ 2, 0, 14, 2 ], "texture": "#d" },
				"east": { "uv": [ 2, 0, 14, 2 ], "texture": "#d", "cullface": "east" }
			}
		},
		{
			"from": [ 0, 14, 2 ],
			"to": [ 2, 16, 14 ],
			"faces": {
				"down": { "uv": [ 0, 2, 2, 14 ], "texture": "#d" },
				"up": { "uv": [ 0, 2, 2, 14 ], "texture": "#d", "cullface": "up" },
				"west": { "uv": [ 2, 0, 14, 2 ], "texture": "#d", "cullface": "west" },
				"east": { "uv": [ 2, 0, 14, 2 ], "texture": "#d" }
			}
		},
		{
			"from": [ 0, 0, 2 ],
			"to": [ 2, 2, 14 ],
			"faces": {
				"down": { "uv": [ 0, 2, 2, 14 ], "texture": "#d", "cullface": "down" },
				"up": { "uv": [ 0, 2, 2, 14 ], "texture": "#d" },
				"west": { "uv": [ 2, 14, 14, 16 ], "texture": "#d", "cullface": "west" },
				"east": { "uv": [ 2, 14, 14, 16 ], "texture": "#d" }
			}
		},
		{
			"from": [ 14, 0, 2 ],
			"to": [ 16, 2, 14 ],
			"faces": {
				"down": { "uv": [ 14, 2, 16, 14 ], "texture": "#d", "cullface": "down" },
				"up": { "uv": [ 14, 2, 16, 14 ], "texture": "#d" },
				"west": { "uv": [ 2, 14, 14, 16 ], "texture": "#d" },
				"east": { "uv": [ 2, 14, 14, 16 ], "texture": "#d", "cullface": "east" }
			}
		},
		{
			"from": [ 14, 2, 14 ],
			"to": [ 16, 14, 16 ],
			"faces": {
				"north": { "uv": [ 0, 2, 2, 14 ], "texture": "#d" },
				"south": { "uv": [ 14, 2, 16, 14 ], "texture": "#d", "cullface": "south" },
				"west": { "uv": [ 14, 2, 16, 14 ], "texture": "#d" },
				"east": { "uv": [ 0, 2, 2, 14 ], "texture": "#d", "cullface": "east" }
			}
		},
		{
			"from": [ 0, 2, 14 ],
			"to": [ 2, 14, 16 ],
			"faces": {
				"north": { "uv": [ 14, 2, 16, 14 ], "texture": "#d" },
				"south": { "uv": [ 0, 2, 2, 14 ], "texture": "#d", "cullface": "south" },
				"west": { "uv": [ 14, 2, 16, 14 ], "texture": "#d", "cullface": "west" },
				"east": { "uv": [ 0, 2, 2, 14 ], "texture": "#d" }
			}
		},
		{
			"from": [ 14, 2, 0 ],
			"to": [ 16, 14, 2 ],
			"faces": {
				"north": { "uv": [ 0, 2, 2, 14 ], "texture": "#d", "cullface": "north" },
				"south": { "uv": [ 14, 2, 16, 14 ], "texture": "#d" },
				"west": { "uv": [ 0, 2, 2, 14 ], "texture": "#d" },
				"east": { "uv": [ 14, 2, 16, 14 ], "texture": "#d", "cullface": "east" }
			}
		},
		{
			"from": [ 0, 2, 0 ],
			"to": [ 2, 14, 2 ],
			"faces": {
				"north": { "uv": [ 14, 2, 16, 14 ], "texture": "#d", "cullface": "north" },
				"south": { "uv": [ 0, 2, 2, 14 ], "texture": "#d" },
				"west": { "uv": [ 0, 2, 2, 14 ], "texture": "#d", "cullface": "west" },
				"east": { "uv": [ 14, 2, 16, 14 ], "texture": "#d" }
			}
		},
		{
			"from": [ 1, 1, 1 ],
			"to": [ 15, 15, 15 ],
			"faces": {
				"down": { "uv": [ 1, 15, 15, 1 ], "texture": "#u" },
				"up": { "uv": [ 1, 1, 15, 15 ], "texture": "#d" },
				"north": { "uv": [ 1, 1, 15, 15 ], "texture": "#front" },
				"south": { "uv": [ 1, 1, 15, 15 ], "texture": "#back" },
				"west": { "uv": [ 1, 1, 15, 15 ], "texture": "#r" },
				"east": { "uv": [ 1, 1, 15, 15 ], "texture": "#l" }
			}
		}
	]
}