{
    "variants": {
        "powered=false,shape=north_south":  { "model": "block/activator_rail_flat" },
        "powered=false,shape=east_west":  { "model": "block/activator_rail_flat", "y": 90 },
        "powered=false,shape=ascending_east": { "model": "block/activator_rail_raised", "y": 90 },
        "powered=false,shape=ascending_west": { "model": "block/activator_rail_raised", "y": 270 },
        "powered=false,shape=ascending_north": { "model": "block/activator_rail_raised" },
        "powered=false,shape=ascending_south": { "model": "block/activator_rail_raised", "y": 180 },
        "powered=true,shape=north_south":  { "model": "block/activator_rail_active_flat" },
        "powered=true,shape=east_west":  { "model": "block/activator_rail_active_flat", "y": 90 },
        "powered=true,shape=ascending_east": { "model": "block/activator_rail_active_raised", "y": 90 },
        "powered=true,shape=ascending_west": { "model": "block/activator_rail_active_raised", "y": 270 },
        "powered=true,shape=ascending_north": { "model": "block/activator_rail_active_raised" },
        "powered=true,shape=ascending_south": { "model": "block/activator_rail_active_raised", "y": 180 }
    }
}
