{
    "variants": {
        "facing=north": [
			{ "model": "block/carved_pumpkin", "weight": 10 },
			{ "model": "block/carved_pumpkin2", "weight": 20 }
			],
        "facing=south": [
			{ "model": "block/carved_pumpkin", "weight": 10, "y": 180 },
			{ "model": "block/carved_pumpkin2", "weight": 20, "y": 180 }
		],
        "facing=west":  [
			{ "model": "block/carved_pumpkin", "weight": 10, "y": 270 },
			{ "model": "block/carved_pumpkin2", "weight": 20, "y": 270 }
		],
        "facing=east":  [
			{ "model": "block/carved_pumpkin", "weight": 10, "y": 90 },
			{ "model": "block/carved_pumpkin2", "weight": 20, "y": 90 }
		]
    }
}
