{
    "variants": {
        "inverted=false,power=0": { "model": "block/daylight_detector0" },
        "inverted=false,power=1": { "model": "block/daylight_detector1" },
        "inverted=false,power=2": { "model": "block/daylight_detector2" },
        "inverted=false,power=3": { "model": "block/daylight_detector3" },
        "inverted=false,power=4": { "model": "block/daylight_detector4" },
        "inverted=false,power=5": { "model": "block/daylight_detector5" },
        "inverted=false,power=6": { "model": "block/daylight_detector6" },
        "inverted=false,power=7": { "model": "block/daylight_detector7" },
        "inverted=false,power=8": { "model": "block/daylight_detector8" },
        "inverted=false,power=9": { "model": "block/daylight_detector9" },
        "inverted=false,power=10": { "model": "block/daylight_detector10" },
        "inverted=false,power=11": { "model": "block/daylight_detector11" },
        "inverted=false,power=12": { "model": "block/daylight_detector12" },
        "inverted=false,power=13": { "model": "block/daylight_detector13" },
        "inverted=false,power=14": { "model": "block/daylight_detector14" },
        "inverted=false,power=15": { "model": "block/daylight_detector15" },
        "inverted=true,power=0": { "model": "block/daylight_detector_inverted0" },
        "inverted=true,power=1": { "model": "block/daylight_detector_inverted1" },
        "inverted=true,power=2": { "model": "block/daylight_detector_inverted2" },
        "inverted=true,power=3": { "model": "block/daylight_detector_inverted3" },
        "inverted=true,power=4": { "model": "block/daylight_detector_inverted4" },
        "inverted=true,power=5": { "model": "block/daylight_detector_inverted5" },
        "inverted=true,power=6": { "model": "block/daylight_detector_inverted6" },
        "inverted=true,power=7": { "model": "block/daylight_detector_inverted7" },
        "inverted=true,power=8": { "model": "block/daylight_detector_inverted8" },
        "inverted=true,power=9": { "model": "block/daylight_detector_inverted9" },
        "inverted=true,power=10": { "model": "block/daylight_detector_inverted10" },
        "inverted=true,power=11": { "model": "block/daylight_detector_inverted11" },
        "inverted=true,power=12": { "model": "block/daylight_detector_inverted12" },
        "inverted=true,power=13": { "model": "block/daylight_detector_inverted13" },
        "inverted=true,power=14": { "model": "block/daylight_detector_inverted14" },
        "inverted=true,power=15": { "model": "block/daylight_detector_inverted15" }
    }
}